2020-05-12 21:13:51,665;mon_disk;sda;13.86;402.30;786.97;231112041;452094992;sdb;0.00;0.07;0.00;38048;0;sdb1;0.00;0.01;0.00;4232;0;sdb2;0.00;0.01;0.00;4152;0;sdb3;0.00;0.01;0.00;4160;0;sdb4;0.00;0.01;0.00;4176;0;sdb5;0.00;0.01;0.00;4160;0;sdb6;0.00;0.01;0.00;4424;0;sdb7;0.00;0.01;0.00;4168;0;sdb8;0.00;0.01;0.00;4176;0
2020-05-12 21:13:52,673;mon_disk;sda;13.86;402.30;786.97;231112177;452095096;sdb;0.00;0.07;0.00;38048;0;sdb1;0.00;0.01;0.00;4232;0;sdb2;0.00;0.01;0.00;4152;0;sdb3;0.00;0.01;0.00;4160;0;sdb4;0.00;0.01;0.00;4176;0;sdb5;0.00;0.01;0.00;4160;0;sdb6;0.00;0.01;0.00;4424;0;sdb7;0.00;0.01;0.00;4168;0;sdb8;0.00;0.01;0.00;4176;0
2020-05-12 21:13:53,677;mon_disk;sda;13.86;402.30;786.97;231112177;452095160;sdb;0.00;0.07;0.00;38048;0;sdb1;0.00;0.01;0.00;4232;0;sdb2;0.00;0.01;0.00;4152;0;sdb3;0.00;0.01;0.00;4160;0;sdb4;0.00;0.01;0.00;4176;0;sdb5;0.00;0.01;0.00;4160;0;sdb6;0.00;0.01;0.00;4424;0;sdb7;0.00;0.01;0.00;4168;0;sdb8;0.00;0.01;0.00;4176;0
2020-05-12 21:13:54,683;mon_disk;sda;13.86;402.30;786.97;231112177;452095160;sdb;0.00;0.07;0.00;38048;0;sdb1;0.00;0.01;0.00;4232;0;sdb2;0.00;0.01;0.00;4152;0;sdb3;0.00;0.01;0.00;4160;0;sdb4;0.00;0.01;0.00;4176;0;sdb5;0.00;0.01;0.00;4160;0;sdb6;0.00;0.01;0.00;4424;0;sdb7;0.00;0.01;0.00;4168;0;sdb8;0.00;0.01;0.00;4176;0
2020-05-12 21:13:55,693;mon_disk;sda;13.86;402.30;786.97;231112177;452095536;sdb;0.00;0.07;0.00;38048;0;sdb1;0.00;0.01;0.00;4232;0;sdb2;0.00;0.01;0.00;4152;0;sdb3;0.00;0.01;0.00;4160;0;sdb4;0.00;0.01;0.00;4176;0;sdb5;0.00;0.01;0.00;4160;0;sdb6;0.00;0.01;0.00;4424;0;sdb7;0.00;0.01;0.00;4168;0;sdb8;0.00;0.01;0.00;4176;0
2020-05-12 21:13:56,700;mon_disk;sda;13.86;402.30;786.97;231112177;452095536;sdb;0.00;0.07;0.00;38048;0;sdb1;0.00;0.01;0.00;4232;0;sdb2;0.00;0.01;0.00;4152;0;sdb3;0.00;0.01;0.00;4160;0;sdb4;0.00;0.01;0.00;4176;0;sdb5;0.00;0.01;0.00;4160;0;sdb6;0.00;0.01;0.00;4424;0;sdb7;0.00;0.01;0.00;4168;0;sdb8;0.00;0.01;0.00;4176;0
2020-05-12 21:13:57,707;mon_disk;sda;13.86;402.30;786.97;231112177;452096184;sdb;0.00;0.07;0.00;38048;0;sdb1;0.00;0.01;0.00;4232;0;sdb2;0.00;0.01;0.00;4152;0;sdb3;0.00;0.01;0.00;4160;0;sdb4;0.00;0.01;0.00;4176;0;sdb5;0.00;0.01;0.00;4160;0;sdb6;0.00;0.01;0.00;4424;0;sdb7;0.00;0.01;0.00;4168;0;sdb8;0.00;0.01;0.00;4176;0
2020-05-12 21:13:58,712;mon_disk;sda;13.86;402.33;786.96;231128561;452096208;sdb;0.00;0.07;0.00;38048;0;sdb1;0.00;0.01;0.00;4232;0;sdb2;0.00;0.01;0.00;4152;0;sdb3;0.00;0.01;0.00;4160;0;sdb4;0.00;0.01;0.00;4176;0;sdb5;0.00;0.01;0.00;4160;0;sdb6;0.00;0.01;0.00;4424;0;sdb7;0.00;0.01;0.00;4168;0;sdb8;0.00;0.01;0.00;4176;0
2020-05-12 21:13:59,716;mon_disk;sda;13.86;402.33;786.96;231128561;452096208;sdb;0.00;0.07;0.00;38048;0;sdb1;0.00;0.01;0.00;4232;0;sdb2;0.00;0.01;0.00;4152;0;sdb3;0.00;0.01;0.00;4160;0;sdb4;0.00;0.01;0.00;4176;0;sdb5;0.00;0.01;0.00;4160;0;sdb6;0.00;0.01;0.00;4424;0;sdb7;0.00;0.01;0.00;4168;0;sdb8;0.00;0.01;0.00;4176;0
2020-05-12 21:14:00,722;mon_disk;sda;13.86;402.32;786.96;231128561;452096488;sdb;0.00;0.07;0.00;38048;0;sdb1;0.00;0.01;0.00;4232;0;sdb2;0.00;0.01;0.00;4152;0;sdb3;0.00;0.01;0.00;4160;0;sdb4;0.00;0.01;0.00;4176;0;sdb5;0.00;0.01;0.00;4160;0;sdb6;0.00;0.01;0.00;4424;0;sdb7;0.00;0.01;0.00;4168;0;sdb8;0.00;0.01;0.00;4176;0
2020-05-12 21:14:01,732;mon_disk;sda;13.86;402.32;786.96;231128561;452096488;sdb;0.00;0.07;0.00;38048;0;sdb1;0.00;0.01;0.00;4232;0;sdb2;0.00;0.01;0.00;4152;0;sdb3;0.00;0.01;0.00;4160;0;sdb4;0.00;0.01;0.00;4176;0;sdb5;0.00;0.01;0.00;4160;0;sdb6;0.00;0.01;0.00;4424;0;sdb7;0.00;0.01;0.00;4168;0;sdb8;0.00;0.01;0.00;4176;0
2020-05-12 21:14:02,736;mon_disk;sda;13.86;402.32;786.96;231128561;452096584;sdb;0.00;0.07;0.00;38048;0;sdb1;0.00;0.01;0.00;4232;0;sdb2;0.00;0.01;0.00;4152;0;sdb3;0.00;0.01;0.00;4160;0;sdb4;0.00;0.01;0.00;4176;0;sdb5;0.00;0.01;0.00;4160;0;sdb6;0.00;0.01;0.00;4424;0;sdb7;0.00;0.01;0.00;4168;0;sdb8;0.00;0.01;0.00;4176;0
2020-05-12 21:14:03,741;mon_disk;sda;13.86;402.32;786.96;231128561;452096584;sdb;0.00;0.07;0.00;38048;0;sdb1;0.00;0.01;0.00;4232;0;sdb2;0.00;0.01;0.00;4152;0;sdb3;0.00;0.01;0.00;4160;0;sdb4;0.00;0.01;0.00;4176;0;sdb5;0.00;0.01;0.00;4160;0;sdb6;0.00;0.01;0.00;4424;0;sdb7;0.00;0.01;0.00;4168;0;sdb8;0.00;0.01;0.00;4176;0
2020-05-12 21:14:04,746;mon_disk;sda;13.86;402.32;786.96;231128561;452096584;sdb;0.00;0.07;0.00;38048;0;sdb1;0.00;0.01;0.00;4232;0;sdb2;0.00;0.01;0.00;4152;0;sdb3;0.00;0.01;0.00;4160;0;sdb4;0.00;0.01;0.00;4176;0;sdb5;0.00;0.01;0.00;4160;0;sdb6;0.00;0.01;0.00;4424;0;sdb7;0.00;0.01;0.00;4168;0;sdb8;0.00;0.01;0.00;4176;0
2020-05-12 21:14:05,750;mon_disk;sda;13.86;402.32;786.96;231128561;452097288;sdb;0.00;0.07;0.00;38048;0;sdb1;0.00;0.01;0.00;4232;0;sdb2;0.00;0.01;0.00;4152;0;sdb3;0.00;0.01;0.00;4160;0;sdb4;0.00;0.01;0.00;4176;0;sdb5;0.00;0.01;0.00;4160;0;sdb6;0.00;0.01;0.00;4424;0;sdb7;0.00;0.01;0.00;4168;0;sdb8;0.00;0.01;0.00;4176;0
2020-05-12 21:14:06,756;mon_disk;sda;13.86;402.32;786.96;231128561;452097488;sdb;0.00;0.07;0.00;38048;0;sdb1;0.00;0.01;0.00;4232;0;sdb2;0.00;0.01;0.00;4152;0;sdb3;0.00;0.01;0.00;4160;0;sdb4;0.00;0.01;0.00;4176;0;sdb5;0.00;0.01;0.00;4160;0;sdb6;0.00;0.01;0.00;4424;0;sdb7;0.00;0.01;0.00;4168;0;sdb8;0.00;0.01;0.00;4176;0
2020-05-12 21:14:07,761;mon_disk;sda;13.86;402.32;786.96;231128561;452097800;sdb;0.00;0.07;0.00;38048;0;sdb1;0.00;0.01;0.00;4232;0;sdb2;0.00;0.01;0.00;4152;0;sdb3;0.00;0.01;0.00;4160;0;sdb4;0.00;0.01;0.00;4176;0;sdb5;0.00;0.01;0.00;4160;0;sdb6;0.00;0.01;0.00;4424;0;sdb7;0.00;0.01;0.00;4168;0;sdb8;0.00;0.01;0.00;4176;0
2020-05-12 21:14:08,771;mon_disk;sda;13.86;402.32;786.95;231128561;452097800;sdb;0.00;0.07;0.00;38048;0;sdb1;0.00;0.01;0.00;4232;0;sdb2;0.00;0.01;0.00;4152;0;sdb3;0.00;0.01;0.00;4160;0;sdb4;0.00;0.01;0.00;4176;0;sdb5;0.00;0.01;0.00;4160;0;sdb6;0.00;0.01;0.00;4424;0;sdb7;0.00;0.01;0.00;4168;0;sdb8;0.00;0.01;0.00;4176;0
2020-05-12 21:14:09,783;mon_disk;sda;13.86;402.32;786.95;231128561;452097800;sdb;0.00;0.07;0.00;38048;0;sdb1;0.00;0.01;0.00;4232;0;sdb2;0.00;0.01;0.00;4152;0;sdb3;0.00;0.01;0.00;4160;0;sdb4;0.00;0.01;0.00;4176;0;sdb5;0.00;0.01;0.00;4160;0;sdb6;0.00;0.01;0.00;4424;0;sdb7;0.00;0.01;0.00;4168;0;sdb8;0.00;0.01;0.00;4176;0
2020-05-12 21:14:10,789;mon_disk;sda;13.86;402.32;786.95;231128561;452098640;sdb;0.00;0.07;0.00;38048;0;sdb1;0.00;0.01;0.00;4232;0;sdb2;0.00;0.01;0.00;4152;0;sdb3;0.00;0.01;0.00;4160;0;sdb4;0.00;0.01;0.00;4176;0;sdb5;0.00;0.01;0.00;4160;0;sdb6;0.00;0.01;0.00;4424;0;sdb7;0.00;0.01;0.00;4168;0;sdb8;0.00;0.01;0.00;4176;0
2020-05-12 21:14:11,796;mon_disk;sda;13.86;402.32;786.95;231128561;452098888;sdb;0.00;0.07;0.00;38048;0;sdb1;0.00;0.01;0.00;4232;0;sdb2;0.00;0.01;0.00;4152;0;sdb3;0.00;0.01;0.00;4160;0;sdb4;0.00;0.01;0.00;4176;0;sdb5;0.00;0.01;0.00;4160;0;sdb6;0.00;0.01;0.00;4424;0;sdb7;0.00;0.01;0.00;4168;0;sdb8;0.00;0.01;0.00;4176;0
2020-05-12 21:14:12,804;mon_disk;sda;13.86;402.32;786.95;231128561;452098920;sdb;0.00;0.07;0.00;38048;0;sdb1;0.00;0.01;0.00;4232;0;sdb2;0.00;0.01;0.00;4152;0;sdb3;0.00;0.01;0.00;4160;0;sdb4;0.00;0.01;0.00;4176;0;sdb5;0.00;0.01;0.00;4160;0;sdb6;0.00;0.01;0.00;4424;0;sdb7;0.00;0.01;0.00;4168;0;sdb8;0.00;0.01;0.00;4176;0
2020-05-12 21:14:13,808;mon_disk;sda;13.86;402.32;786.95;231128561;452098920;sdb;0.00;0.07;0.00;38048;0;sdb1;0.00;0.01;0.00;4232;0;sdb2;0.00;0.01;0.00;4152;0;sdb3;0.00;0.01;0.00;4160;0;sdb4;0.00;0.01;0.00;4176;0;sdb5;0.00;0.01;0.00;4160;0;sdb6;0.00;0.01;0.00;4424;0;sdb7;0.00;0.01;0.00;4168;0;sdb8;0.00;0.01;0.00;4176;0
2020-05-12 21:14:14,812;mon_disk;sda;13.86;402.31;786.95;231128561;452098920;sdb;0.00;0.07;0.00;38048;0;sdb1;0.00;0.01;0.00;4232;0;sdb2;0.00;0.01;0.00;4152;0;sdb3;0.00;0.01;0.00;4160;0;sdb4;0.00;0.01;0.00;4176;0;sdb5;0.00;0.01;0.00;4160;0;sdb6;0.00;0.01;0.00;4424;0;sdb7;0.00;0.01;0.00;4168;0;sdb8;0.00;0.01;0.00;4176;0
2020-05-12 21:14:15,816;mon_disk;sda;13.86;402.31;786.95;231128561;452098936;sdb;0.00;0.07;0.00;38048;0;sdb1;0.00;0.01;0.00;4232;0;sdb2;0.00;0.01;0.00;4152;0;sdb3;0.00;0.01;0.00;4160;0;sdb4;0.00;0.01;0.00;4176;0;sdb5;0.00;0.01;0.00;4160;0;sdb6;0.00;0.01;0.00;4424;0;sdb7;0.00;0.01;0.00;4168;0;sdb8;0.00;0.01;0.00;4176;0
2020-05-12 21:14:16,822;mon_disk;sda;13.86;402.31;786.94;231128561;452099040;sdb;0.00;0.07;0.00;38048;0;sdb1;0.00;0.01;0.00;4232;0;sdb2;0.00;0.01;0.00;4152;0;sdb3;0.00;0.01;0.00;4160;0;sdb4;0.00;0.01;0.00;4176;0;sdb5;0.00;0.01;0.00;4160;0;sdb6;0.00;0.01;0.00;4424;0;sdb7;0.00;0.01;0.00;4168;0;sdb8;0.00;0.01;0.00;4176;0
2020-05-12 21:14:17,826;mon_disk;sda;13.86;402.31;786.94;231128561;452099064;sdb;0.00;0.07;0.00;38048;0;sdb1;0.00;0.01;0.00;4232;0;sdb2;0.00;0.01;0.00;4152;0;sdb3;0.00;0.01;0.00;4160;0;sdb4;0.00;0.01;0.00;4176;0;sdb5;0.00;0.01;0.00;4160;0;sdb6;0.00;0.01;0.00;4424;0;sdb7;0.00;0.01;0.00;4168;0;sdb8;0.00;0.01;0.00;4176;0
2020-05-12 21:14:18,836;mon_disk;sda;13.86;402.31;786.94;231128561;452099064;sdb;0.00;0.07;0.00;38048;0;sdb1;0.00;0.01;0.00;4232;0;sdb2;0.00;0.01;0.00;4152;0;sdb3;0.00;0.01;0.00;4160;0;sdb4;0.00;0.01;0.00;4176;0;sdb5;0.00;0.01;0.00;4160;0;sdb6;0.00;0.01;0.00;4424;0;sdb7;0.00;0.01;0.00;4168;0;sdb8;0.00;0.01;0.00;4176;0
2020-05-12 21:14:19,840;mon_disk;sda;13.86;402.31;786.94;231128561;452099064;sdb;0.00;0.07;0.00;38048;0;sdb1;0.00;0.01;0.00;4232;0;sdb2;0.00;0.01;0.00;4152;0;sdb3;0.00;0.01;0.00;4160;0;sdb4;0.00;0.01;0.00;4176;0;sdb5;0.00;0.01;0.00;4160;0;sdb6;0.00;0.01;0.00;4424;0;sdb7;0.00;0.01;0.00;4168;0;sdb8;0.00;0.01;0.00;4176;0
2020-05-12 21:14:20,845;mon_disk;sda;13.86;402.31;786.94;231128561;452099064;sdb;0.00;0.07;0.00;38048;0;sdb1;0.00;0.01;0.00;4232;0;sdb2;0.00;0.01;0.00;4152;0;sdb3;0.00;0.01;0.00;4160;0;sdb4;0.00;0.01;0.00;4176;0;sdb5;0.00;0.01;0.00;4160;0;sdb6;0.00;0.01;0.00;4424;0;sdb7;0.00;0.01;0.00;4168;0;sdb8;0.00;0.01;0.00;4176;0
2020-05-12 21:14:21,849;mon_disk;sda;13.86;402.31;786.94;231128561;452099064;sdb;0.00;0.07;0.00;38048;0;sdb1;0.00;0.01;0.00;4232;0;sdb2;0.00;0.01;0.00;4152;0;sdb3;0.00;0.01;0.00;4160;0;sdb4;0.00;0.01;0.00;4176;0;sdb5;0.00;0.01;0.00;4160;0;sdb6;0.00;0.01;0.00;4424;0;sdb7;0.00;0.01;0.00;4168;0;sdb8;0.00;0.01;0.00;4176;0
2020-05-12 21:14:22,855;mon_disk;sda;13.86;402.31;786.94;231128561;452099128;sdb;0.00;0.07;0.00;38048;0;sdb1;0.00;0.01;0.00;4232;0;sdb2;0.00;0.01;0.00;4152;0;sdb3;0.00;0.01;0.00;4160;0;sdb4;0.00;0.01;0.00;4176;0;sdb5;0.00;0.01;0.00;4160;0;sdb6;0.00;0.01;0.00;4424;0;sdb7;0.00;0.01;0.00;4168;0;sdb8;0.00;0.01;0.00;4176;0
2020-05-12 21:14:23,859;mon_disk;sda;13.86;402.31;786.94;231128601;452099128;sdb;0.00;0.07;0.00;38048;0;sdb1;0.00;0.01;0.00;4232;0;sdb2;0.00;0.01;0.00;4152;0;sdb3;0.00;0.01;0.00;4160;0;sdb4;0.00;0.01;0.00;4176;0;sdb5;0.00;0.01;0.00;4160;0;sdb6;0.00;0.01;0.00;4424;0;sdb7;0.00;0.01;0.00;4168;0;sdb8;0.00;0.01;0.00;4176;0
2020-05-12 21:14:24,861;mon_disk;sda;13.86;402.31;786.93;231128601;452099216;sdb;0.00;0.07;0.00;38048;0;sdb1;0.00;0.01;0.00;4232;0;sdb2;0.00;0.01;0.00;4152;0;sdb3;0.00;0.01;0.00;4160;0;sdb4;0.00;0.01;0.00;4176;0;sdb5;0.00;0.01;0.00;4160;0;sdb6;0.00;0.01;0.00;4424;0;sdb7;0.00;0.01;0.00;4168;0;sdb8;0.00;0.01;0.00;4176;0
2020-05-12 21:14:25,865;mon_disk;sda;13.86;402.31;786.93;231128609;452100192;sdb;0.00;0.07;0.00;38048;0;sdb1;0.00;0.01;0.00;4232;0;sdb2;0.00;0.01;0.00;4152;0;sdb3;0.00;0.01;0.00;4160;0;sdb4;0.00;0.01;0.00;4176;0;sdb5;0.00;0.01;0.00;4160;0;sdb6;0.00;0.01;0.00;4424;0;sdb7;0.00;0.01;0.00;4168;0;sdb8;0.00;0.01;0.00;4176;0
2020-05-12 21:14:26,875;mon_disk;sda;13.86;402.31;786.93;231128609;452100192;sdb;0.00;0.07;0.00;38048;0;sdb1;0.00;0.01;0.00;4232;0;sdb2;0.00;0.01;0.00;4152;0;sdb3;0.00;0.01;0.00;4160;0;sdb4;0.00;0.01;0.00;4176;0;sdb5;0.00;0.01;0.00;4160;0;sdb6;0.00;0.01;0.00;4424;0;sdb7;0.00;0.01;0.00;4168;0;sdb8;0.00;0.01;0.00;4176;0
2020-05-12 21:14:27,879;mon_disk;sda;13.86;402.31;786.93;231128609;452100808;sdb;0.00;0.07;0.00;38048;0;sdb1;0.00;0.01;0.00;4232;0;sdb2;0.00;0.01;0.00;4152;0;sdb3;0.00;0.01;0.00;4160;0;sdb4;0.00;0.01;0.00;4176;0;sdb5;0.00;0.01;0.00;4160;0;sdb6;0.00;0.01;0.00;4424;0;sdb7;0.00;0.01;0.00;4168;0;sdb8;0.00;0.01;0.00;4176;0
2020-05-12 21:14:28,884;mon_disk;sda;13.86;402.30;786.93;231128609;452100808;sdb;0.00;0.07;0.00;38048;0;sdb1;0.00;0.01;0.00;4232;0;sdb2;0.00;0.01;0.00;4152;0;sdb3;0.00;0.01;0.00;4160;0;sdb4;0.00;0.01;0.00;4176;0;sdb5;0.00;0.01;0.00;4160;0;sdb6;0.00;0.01;0.00;4424;0;sdb7;0.00;0.01;0.00;4168;0;sdb8;0.00;0.01;0.00;4176;0
2020-05-12 21:14:29,889;mon_disk;sda;13.86;402.30;786.93;231128609;452101040;sdb;0.00;0.07;0.00;38048;0;sdb1;0.00;0.01;0.00;4232;0;sdb2;0.00;0.01;0.00;4152;0;sdb3;0.00;0.01;0.00;4160;0;sdb4;0.00;0.01;0.00;4176;0;sdb5;0.00;0.01;0.00;4160;0;sdb6;0.00;0.01;0.00;4424;0;sdb7;0.00;0.01;0.00;4168;0;sdb8;0.00;0.01;0.00;4176;0
2020-05-12 21:14:30,894;mon_disk;sda;13.86;402.30;786.93;231128609;452101264;sdb;0.00;0.07;0.00;38048;0;sdb1;0.00;0.01;0.00;4232;0;sdb2;0.00;0.01;0.00;4152;0;sdb3;0.00;0.01;0.00;4160;0;sdb4;0.00;0.01;0.00;4176;0;sdb5;0.00;0.01;0.00;4160;0;sdb6;0.00;0.01;0.00;4424;0;sdb7;0.00;0.01;0.00;4168;0;sdb8;0.00;0.01;0.00;4176;0
2020-05-12 21:14:31,899;mon_disk;sda;13.86;402.30;786.93;231128617;452101264;sdb;0.00;0.07;0.00;38048;0;sdb1;0.00;0.01;0.00;4232;0;sdb2;0.00;0.01;0.00;4152;0;sdb3;0.00;0.01;0.00;4160;0;sdb4;0.00;0.01;0.00;4176;0;sdb5;0.00;0.01;0.00;4160;0;sdb6;0.00;0.01;0.00;4424;0;sdb7;0.00;0.01;0.00;4168;0;sdb8;0.00;0.01;0.00;4176;0
2020-05-12 21:14:32,905;mon_disk;sda;13.86;402.30;786.93;231128617;452101264;sdb;0.00;0.07;0.00;38048;0;sdb1;0.00;0.01;0.00;4232;0;sdb2;0.00;0.01;0.00;4152;0;sdb3;0.00;0.01;0.00;4160;0;sdb4;0.00;0.01;0.00;4176;0;sdb5;0.00;0.01;0.00;4160;0;sdb6;0.00;0.01;0.00;4424;0;sdb7;0.00;0.01;0.00;4168;0;sdb8;0.00;0.01;0.00;4176;0
2020-05-12 21:14:33,909;mon_disk;sda;13.86;402.30;786.93;231128617;452101264;sdb;0.00;0.07;0.00;38048;0;sdb1;0.00;0.01;0.00;4232;0;sdb2;0.00;0.01;0.00;4152;0;sdb3;0.00;0.01;0.00;4160;0;sdb4;0.00;0.01;0.00;4176;0;sdb5;0.00;0.01;0.00;4160;0;sdb6;0.00;0.01;0.00;4424;0;sdb7;0.00;0.01;0.00;4168;0;sdb8;0.00;0.01;0.00;4176;0
2020-05-12 21:14:34,917;mon_disk;sda;13.86;402.30;786.92;231128617;452101288;sdb;0.00;0.07;0.00;38048;0;sdb1;0.00;0.01;0.00;4232;0;sdb2;0.00;0.01;0.00;4152;0;sdb3;0.00;0.01;0.00;4160;0;sdb4;0.00;0.01;0.00;4176;0;sdb5;0.00;0.01;0.00;4160;0;sdb6;0.00;0.01;0.00;4424;0;sdb7;0.00;0.01;0.00;4168;0;sdb8;0.00;0.01;0.00;4176;0
2020-05-12 21:14:35,921;mon_disk;sda;13.86;402.30;786.92;231128617;452102008;sdb;0.00;0.07;0.00;38048;0;sdb1;0.00;0.01;0.00;4232;0;sdb2;0.00;0.01;0.00;4152;0;sdb3;0.00;0.01;0.00;4160;0;sdb4;0.00;0.01;0.00;4176;0;sdb5;0.00;0.01;0.00;4160;0;sdb6;0.00;0.01;0.00;4424;0;sdb7;0.00;0.01;0.00;4168;0;sdb8;0.00;0.01;0.00;4176;0
2020-05-12 21:14:36,926;mon_disk;sda;13.86;402.30;786.92;231128625;452102008;sdb;0.00;0.07;0.00;38048;0;sdb1;0.00;0.01;0.00;4232;0;sdb2;0.00;0.01;0.00;4152;0;sdb3;0.00;0.01;0.00;4160;0;sdb4;0.00;0.01;0.00;4176;0;sdb5;0.00;0.01;0.00;4160;0;sdb6;0.00;0.01;0.00;4424;0;sdb7;0.00;0.01;0.00;4168;0;sdb8;0.00;0.01;0.00;4176;0
2020-05-12 21:14:37,931;mon_disk;sda;13.86;402.30;786.92;231128633;452102488;sdb;0.00;0.07;0.00;38048;0;sdb1;0.00;0.01;0.00;4232;0;sdb2;0.00;0.01;0.00;4152;0;sdb3;0.00;0.01;0.00;4160;0;sdb4;0.00;0.01;0.00;4176;0;sdb5;0.00;0.01;0.00;4160;0;sdb6;0.00;0.01;0.00;4424;0;sdb7;0.00;0.01;0.00;4168;0;sdb8;0.00;0.01;0.00;4176;0
2020-05-12 21:14:38,936;mon_disk;sda;13.86;402.30;786.92;231128633;452102488;sdb;0.00;0.07;0.00;38048;0;sdb1;0.00;0.01;0.00;4232;0;sdb2;0.00;0.01;0.00;4152;0;sdb3;0.00;0.01;0.00;4160;0;sdb4;0.00;0.01;0.00;4176;0;sdb5;0.00;0.01;0.00;4160;0;sdb6;0.00;0.01;0.00;4424;0;sdb7;0.00;0.01;0.00;4168;0;sdb8;0.00;0.01;0.00;4176;0
2020-05-12 21:14:39,940;mon_disk;sda;13.86;402.30;786.92;231128633;452102528;sdb;0.00;0.07;0.00;38048;0;sdb1;0.00;0.01;0.00;4232;0;sdb2;0.00;0.01;0.00;4152;0;sdb3;0.00;0.01;0.00;4160;0;sdb4;0.00;0.01;0.00;4176;0;sdb5;0.00;0.01;0.00;4160;0;sdb6;0.00;0.01;0.00;4424;0;sdb7;0.00;0.01;0.00;4168;0;sdb8;0.00;0.01;0.00;4176;0
2020-05-12 21:14:40,945;mon_disk;sda;13.86;402.30;786.92;231128633;452102528;sdb;0.00;0.07;0.00;38048;0;sdb1;0.00;0.01;0.00;4232;0;sdb2;0.00;0.01;0.00;4152;0;sdb3;0.00;0.01;0.00;4160;0;sdb4;0.00;0.01;0.00;4176;0;sdb5;0.00;0.01;0.00;4160;0;sdb6;0.00;0.01;0.00;4424;0;sdb7;0.00;0.01;0.00;4168;0;sdb8;0.00;0.01;0.00;4176;0
2020-05-12 21:14:41,950;mon_disk;sda;13.86;402.30;786.92;231128633;452102632;sdb;0.00;0.07;0.00;38048;0;sdb1;0.00;0.01;0.00;4232;0;sdb2;0.00;0.01;0.00;4152;0;sdb3;0.00;0.01;0.00;4160;0;sdb4;0.00;0.01;0.00;4176;0;sdb5;0.00;0.01;0.00;4160;0;sdb6;0.00;0.01;0.00;4424;0;sdb7;0.00;0.01;0.00;4168;0;sdb8;0.00;0.01;0.00;4176;0
2020-05-12 21:14:42,956;mon_disk;sda;13.86;402.30;786.92;231128633;452102632;sdb;0.00;0.07;0.00;38048;0;sdb1;0.00;0.01;0.00;4232;0;sdb2;0.00;0.01;0.00;4152;0;sdb3;0.00;0.01;0.00;4160;0;sdb4;0.00;0.01;0.00;4176;0;sdb5;0.00;0.01;0.00;4160;0;sdb6;0.00;0.01;0.00;4424;0;sdb7;0.00;0.01;0.00;4168;0;sdb8;0.00;0.01;0.00;4176;0
2020-05-12 21:14:43,960;mon_disk;sda;13.86;402.29;786.91;231128633;452102696;sdb;0.00;0.07;0.00;38048;0;sdb1;0.00;0.01;0.00;4232;0;sdb2;0.00;0.01;0.00;4152;0;sdb3;0.00;0.01;0.00;4160;0;sdb4;0.00;0.01;0.00;4176;0;sdb5;0.00;0.01;0.00;4160;0;sdb6;0.00;0.01;0.00;4424;0;sdb7;0.00;0.01;0.00;4168;0;sdb8;0.00;0.01;0.00;4176;0
2020-05-12 21:14:44,967;mon_disk;sda;13.86;402.29;786.91;231128633;452102696;sdb;0.00;0.07;0.00;38048;0;sdb1;0.00;0.01;0.00;4232;0;sdb2;0.00;0.01;0.00;4152;0;sdb3;0.00;0.01;0.00;4160;0;sdb4;0.00;0.01;0.00;4176;0;sdb5;0.00;0.01;0.00;4160;0;sdb6;0.00;0.01;0.00;4424;0;sdb7;0.00;0.01;0.00;4168;0;sdb8;0.00;0.01;0.00;4176;0
2020-05-12 21:14:45,971;mon_disk;sda;13.86;402.29;786.91;231128633;452102696;sdb;0.00;0.07;0.00;38048;0;sdb1;0.00;0.01;0.00;4232;0;sdb2;0.00;0.01;0.00;4152;0;sdb3;0.00;0.01;0.00;4160;0;sdb4;0.00;0.01;0.00;4176;0;sdb5;0.00;0.01;0.00;4160;0;sdb6;0.00;0.01;0.00;4424;0;sdb7;0.00;0.01;0.00;4168;0;sdb8;0.00;0.01;0.00;4176;0
2020-05-12 21:14:46,975;mon_disk;sda;13.86;402.29;786.91;231128865;452103008;sdb;0.00;0.07;0.00;38048;0;sdb1;0.00;0.01;0.00;4232;0;sdb2;0.00;0.01;0.00;4152;0;sdb3;0.00;0.01;0.00;4160;0;sdb4;0.00;0.01;0.00;4176;0;sdb5;0.00;0.01;0.00;4160;0;sdb6;0.00;0.01;0.00;4424;0;sdb7;0.00;0.01;0.00;4168;0;sdb8;0.00;0.01;0.00;4176;0
2020-05-12 21:14:47,982;mon_disk;sda;13.86;402.29;786.91;231128865;452103232;sdb;0.00;0.07;0.00;38048;0;sdb1;0.00;0.01;0.00;4232;0;sdb2;0.00;0.01;0.00;4152;0;sdb3;0.00;0.01;0.00;4160;0;sdb4;0.00;0.01;0.00;4176;0;sdb5;0.00;0.01;0.00;4160;0;sdb6;0.00;0.01;0.00;4424;0;sdb7;0.00;0.01;0.00;4168;0;sdb8;0.00;0.01;0.00;4176;0
2020-05-12 21:14:48,985;mon_disk;sda;13.86;402.29;786.91;231128865;452103232;sdb;0.00;0.07;0.00;38048;0;sdb1;0.00;0.01;0.00;4232;0;sdb2;0.00;0.01;0.00;4152;0;sdb3;0.00;0.01;0.00;4160;0;sdb4;0.00;0.01;0.00;4176;0;sdb5;0.00;0.01;0.00;4160;0;sdb6;0.00;0.01;0.00;4424;0;sdb7;0.00;0.01;0.00;4168;0;sdb8;0.00;0.01;0.00;4176;0
2020-05-12 21:14:49,989;mon_disk;sda;13.86;402.29;786.91;231128865;452103232;sdb;0.00;0.07;0.00;38048;0;sdb1;0.00;0.01;0.00;4232;0;sdb2;0.00;0.01;0.00;4152;0;sdb3;0.00;0.01;0.00;4160;0;sdb4;0.00;0.01;0.00;4176;0;sdb5;0.00;0.01;0.00;4160;0;sdb6;0.00;0.01;0.00;4424;0;sdb7;0.00;0.01;0.00;4168;0;sdb8;0.00;0.01;0.00;4176;0
2020-05-12 21:14:51,005;mon_disk;sda;13.86;402.29;786.91;231128865;452103232;sdb;0.00;0.07;0.00;38048;0;sdb1;0.00;0.01;0.00;4232;0;sdb2;0.00;0.01;0.00;4152;0;sdb3;0.00;0.01;0.00;4160;0;sdb4;0.00;0.01;0.00;4176;0;sdb5;0.00;0.01;0.00;4160;0;sdb6;0.00;0.01;0.00;4424;0;sdb7;0.00;0.01;0.00;4168;0;sdb8;0.00;0.01;0.00;4176;0
2020-05-12 21:14:52,009;mon_disk;sda;13.86;402.29;786.90;231128865;452103272;sdb;0.00;0.07;0.00;38048;0;sdb1;0.00;0.01;0.00;4232;0;sdb2;0.00;0.01;0.00;4152;0;sdb3;0.00;0.01;0.00;4160;0;sdb4;0.00;0.01;0.00;4176;0;sdb5;0.00;0.01;0.00;4160;0;sdb6;0.00;0.01;0.00;4424;0;sdb7;0.00;0.01;0.00;4168;0;sdb8;0.00;0.01;0.00;4176;0
2020-05-12 21:14:53,014;mon_disk;sda;13.86;402.29;786.90;231128865;452103616;sdb;0.00;0.07;0.00;38048;0;sdb1;0.00;0.01;0.00;4232;0;sdb2;0.00;0.01;0.00;4152;0;sdb3;0.00;0.01;0.00;4160;0;sdb4;0.00;0.01;0.00;4176;0;sdb5;0.00;0.01;0.00;4160;0;sdb6;0.00;0.01;0.00;4424;0;sdb7;0.00;0.01;0.00;4168;0;sdb8;0.00;0.01;0.00;4176;0
2020-05-12 21:14:54,020;mon_disk;sda;13.86;402.29;786.90;231128865;452103616;sdb;0.00;0.07;0.00;38048;0;sdb1;0.00;0.01;0.00;4232;0;sdb2;0.00;0.01;0.00;4152;0;sdb3;0.00;0.01;0.00;4160;0;sdb4;0.00;0.01;0.00;4176;0;sdb5;0.00;0.01;0.00;4160;0;sdb6;0.00;0.01;0.00;4424;0;sdb7;0.00;0.01;0.00;4168;0;sdb8;0.00;0.01;0.00;4176;0
2020-05-12 21:14:55,025;mon_disk;sda;13.86;402.29;786.90;231128889;452103648;sdb;0.00;0.07;0.00;38048;0;sdb1;0.00;0.01;0.00;4232;0;sdb2;0.00;0.01;0.00;4152;0;sdb3;0.00;0.01;0.00;4160;0;sdb4;0.00;0.01;0.00;4176;0;sdb5;0.00;0.01;0.00;4160;0;sdb6;0.00;0.01;0.00;4424;0;sdb7;0.00;0.01;0.00;4168;0;sdb8;0.00;0.01;0.00;4176;0
2020-05-12 21:14:56,037;mon_disk;sda;13.86;402.29;786.90;231128889;452103648;sdb;0.00;0.07;0.00;38048;0;sdb1;0.00;0.01;0.00;4232;0;sdb2;0.00;0.01;0.00;4152;0;sdb3;0.00;0.01;0.00;4160;0;sdb4;0.00;0.01;0.00;4176;0;sdb5;0.00;0.01;0.00;4160;0;sdb6;0.00;0.01;0.00;4424;0;sdb7;0.00;0.01;0.00;4168;0;sdb8;0.00;0.01;0.00;4176;0
2020-05-12 21:14:57,046;mon_disk;sda;13.86;402.29;786.90;231128889;452105152;sdb;0.00;0.07;0.00;38048;0;sdb1;0.00;0.01;0.00;4232;0;sdb2;0.00;0.01;0.00;4152;0;sdb3;0.00;0.01;0.00;4160;0;sdb4;0.00;0.01;0.00;4176;0;sdb5;0.00;0.01;0.00;4160;0;sdb6;0.00;0.01;0.00;4424;0;sdb7;0.00;0.01;0.00;4168;0;sdb8;0.00;0.01;0.00;4176;0
2020-05-12 21:14:58,051;mon_disk;sda;13.86;402.28;786.90;231128889;452105152;sdb;0.00;0.07;0.00;38048;0;sdb1;0.00;0.01;0.00;4232;0;sdb2;0.00;0.01;0.00;4152;0;sdb3;0.00;0.01;0.00;4160;0;sdb4;0.00;0.01;0.00;4176;0;sdb5;0.00;0.01;0.00;4160;0;sdb6;0.00;0.01;0.00;4424;0;sdb7;0.00;0.01;0.00;4168;0;sdb8;0.00;0.01;0.00;4176;0
2020-05-12 21:14:59,056;mon_disk;sda;13.86;402.28;786.90;231128889;452105384;sdb;0.00;0.07;0.00;38048;0;sdb1;0.00;0.01;0.00;4232;0;sdb2;0.00;0.01;0.00;4152;0;sdb3;0.00;0.01;0.00;4160;0;sdb4;0.00;0.01;0.00;4176;0;sdb5;0.00;0.01;0.00;4160;0;sdb6;0.00;0.01;0.00;4424;0;sdb7;0.00;0.01;0.00;4168;0;sdb8;0.00;0.01;0.00;4176;0
2020-05-12 21:15:00,059;mon_disk;sda;13.86;402.28;786.90;231128953;452105384;sdb;0.00;0.07;0.00;38048;0;sdb1;0.00;0.01;0.00;4232;0;sdb2;0.00;0.01;0.00;4152;0;sdb3;0.00;0.01;0.00;4160;0;sdb4;0.00;0.01;0.00;4176;0;sdb5;0.00;0.01;0.00;4160;0;sdb6;0.00;0.01;0.00;4424;0;sdb7;0.00;0.01;0.00;4168;0;sdb8;0.00;0.01;0.00;4176;0
2020-05-12 21:15:01,065;mon_disk;sda;13.86;402.28;786.90;231128953;452105384;sdb;0.00;0.07;0.00;38048;0;sdb1;0.00;0.01;0.00;4232;0;sdb2;0.00;0.01;0.00;4152;0;sdb3;0.00;0.01;0.00;4160;0;sdb4;0.00;0.01;0.00;4176;0;sdb5;0.00;0.01;0.00;4160;0;sdb6;0.00;0.01;0.00;4424;0;sdb7;0.00;0.01;0.00;4168;0;sdb8;0.00;0.01;0.00;4176;0
2020-05-12 21:15:02,069;mon_disk;sda;13.86;402.28;786.89;231129313;452105472;sdb;0.00;0.07;0.00;38048;0;sdb1;0.00;0.01;0.00;4232;0;sdb2;0.00;0.01;0.00;4152;0;sdb3;0.00;0.01;0.00;4160;0;sdb4;0.00;0.01;0.00;4176;0;sdb5;0.00;0.01;0.00;4160;0;sdb6;0.00;0.01;0.00;4424;0;sdb7;0.00;0.01;0.00;4168;0;sdb8;0.00;0.01;0.00;4176;0
2020-05-12 21:15:03,076;mon_disk;sda;13.86;402.28;786.89;231129313;452105472;sdb;0.00;0.07;0.00;38048;0;sdb1;0.00;0.01;0.00;4232;0;sdb2;0.00;0.01;0.00;4152;0;sdb3;0.00;0.01;0.00;4160;0;sdb4;0.00;0.01;0.00;4176;0;sdb5;0.00;0.01;0.00;4160;0;sdb6;0.00;0.01;0.00;4424;0;sdb7;0.00;0.01;0.00;4168;0;sdb8;0.00;0.01;0.00;4176;0
2020-05-12 21:15:04,081;mon_disk;sda;13.86;402.28;786.89;231129313;452105592;sdb;0.00;0.07;0.00;38048;0;sdb1;0.00;0.01;0.00;4232;0;sdb2;0.00;0.01;0.00;4152;0;sdb3;0.00;0.01;0.00;4160;0;sdb4;0.00;0.01;0.00;4176;0;sdb5;0.00;0.01;0.00;4160;0;sdb6;0.00;0.01;0.00;4424;0;sdb7;0.00;0.01;0.00;4168;0;sdb8;0.00;0.01;0.00;4176;0
2020-05-12 21:15:05,093;mon_disk;sda;13.86;402.28;786.89;231129313;452105592;sdb;0.00;0.07;0.00;38048;0;sdb1;0.00;0.01;0.00;4232;0;sdb2;0.00;0.01;0.00;4152;0;sdb3;0.00;0.01;0.00;4160;0;sdb4;0.00;0.01;0.00;4176;0;sdb5;0.00;0.01;0.00;4160;0;sdb6;0.00;0.01;0.00;4424;0;sdb7;0.00;0.01;0.00;4168;0;sdb8;0.00;0.01;0.00;4176;0
2020-05-12 21:15:06,102;mon_disk;sda;13.86;402.28;786.89;231129345;452105592;sdb;0.00;0.07;0.00;38048;0;sdb1;0.00;0.01;0.00;4232;0;sdb2;0.00;0.01;0.00;4152;0;sdb3;0.00;0.01;0.00;4160;0;sdb4;0.00;0.01;0.00;4176;0;sdb5;0.00;0.01;0.00;4160;0;sdb6;0.00;0.01;0.00;4424;0;sdb7;0.00;0.01;0.00;4168;0;sdb8;0.00;0.01;0.00;4176;0
2020-05-12 21:15:07,107;mon_disk;sda;13.86;402.28;786.89;231129345;452107104;sdb;0.00;0.07;0.00;38048;0;sdb1;0.00;0.01;0.00;4232;0;sdb2;0.00;0.01;0.00;4152;0;sdb3;0.00;0.01;0.00;4160;0;sdb4;0.00;0.01;0.00;4176;0;sdb5;0.00;0.01;0.00;4160;0;sdb6;0.00;0.01;0.00;4424;0;sdb7;0.00;0.01;0.00;4168;0;sdb8;0.00;0.01;0.00;4176;0
2020-05-12 21:15:08,112;mon_disk;sda;13.86;402.28;786.89;231129345;452107296;sdb;0.00;0.07;0.00;38048;0;sdb1;0.00;0.01;0.00;4232;0;sdb2;0.00;0.01;0.00;4152;0;sdb3;0.00;0.01;0.00;4160;0;sdb4;0.00;0.01;0.00;4176;0;sdb5;0.00;0.01;0.00;4160;0;sdb6;0.00;0.01;0.00;4424;0;sdb7;0.00;0.01;0.00;4168;0;sdb8;0.00;0.01;0.00;4176;0
2020-05-12 21:15:09,123;mon_disk;sda;13.86;402.28;786.89;231129345;452107296;sdb;0.00;0.07;0.00;38048;0;sdb1;0.00;0.01;0.00;4232;0;sdb2;0.00;0.01;0.00;4152;0;sdb3;0.00;0.01;0.00;4160;0;sdb4;0.00;0.01;0.00;4176;0;sdb5;0.00;0.01;0.00;4160;0;sdb6;0.00;0.01;0.00;4424;0;sdb7;0.00;0.01;0.00;4168;0;sdb8;0.00;0.01;0.00;4176;0
2020-05-12 21:15:10,128;mon_disk;sda;13.86;402.28;786.89;231129345;452107296;sdb;0.00;0.07;0.00;38048;0;sdb1;0.00;0.01;0.00;4232;0;sdb2;0.00;0.01;0.00;4152;0;sdb3;0.00;0.01;0.00;4160;0;sdb4;0.00;0.01;0.00;4176;0;sdb5;0.00;0.01;0.00;4160;0;sdb6;0.00;0.01;0.00;4424;0;sdb7;0.00;0.01;0.00;4168;0;sdb8;0.00;0.01;0.00;4176;0
2020-05-12 21:15:11,136;mon_disk;sda;13.86;402.28;786.88;231129345;452107296;sdb;0.00;0.07;0.00;38048;0;sdb1;0.00;0.01;0.00;4232;0;sdb2;0.00;0.01;0.00;4152;0;sdb3;0.00;0.01;0.00;4160;0;sdb4;0.00;0.01;0.00;4176;0;sdb5;0.00;0.01;0.00;4160;0;sdb6;0.00;0.01;0.00;4424;0;sdb7;0.00;0.01;0.00;4168;0;sdb8;0.00;0.01;0.00;4176;0
2020-05-12 21:15:12,143;mon_disk;sda;13.86;402.28;786.89;231129345;452108496;sdb;0.00;0.07;0.00;38048;0;sdb1;0.00;0.01;0.00;4232;0;sdb2;0.00;0.01;0.00;4152;0;sdb3;0.00;0.01;0.00;4160;0;sdb4;0.00;0.01;0.00;4176;0;sdb5;0.00;0.01;0.00;4160;0;sdb6;0.00;0.01;0.00;4424;0;sdb7;0.00;0.01;0.00;4168;0;sdb8;0.00;0.01;0.00;4176;0
2020-05-12 21:15:13,150;mon_disk;sda;13.86;402.28;786.88;231129345;452108496;sdb;0.00;0.07;0.00;38048;0;sdb1;0.00;0.01;0.00;4232;0;sdb2;0.00;0.01;0.00;4152;0;sdb3;0.00;0.01;0.00;4160;0;sdb4;0.00;0.01;0.00;4176;0;sdb5;0.00;0.01;0.00;4160;0;sdb6;0.00;0.01;0.00;4424;0;sdb7;0.00;0.01;0.00;4168;0;sdb8;0.00;0.01;0.00;4176;0
2020-05-12 21:15:14,161;mon_disk;sda;13.86;402.27;786.88;231129345;452108496;sdb;0.00;0.07;0.00;38048;0;sdb1;0.00;0.01;0.00;4232;0;sdb2;0.00;0.01;0.00;4152;0;sdb3;0.00;0.01;0.00;4160;0;sdb4;0.00;0.01;0.00;4176;0;sdb5;0.00;0.01;0.00;4160;0;sdb6;0.00;0.01;0.00;4424;0;sdb7;0.00;0.01;0.00;4168;0;sdb8;0.00;0.01;0.00;4176;0
2020-05-12 21:15:15,170;mon_disk;sda;13.86;402.27;786.88;231129345;452108496;sdb;0.00;0.07;0.00;38048;0;sdb1;0.00;0.01;0.00;4232;0;sdb2;0.00;0.01;0.00;4152;0;sdb3;0.00;0.01;0.00;4160;0;sdb4;0.00;0.01;0.00;4176;0;sdb5;0.00;0.01;0.00;4160;0;sdb6;0.00;0.01;0.00;4424;0;sdb7;0.00;0.01;0.00;4168;0;sdb8;0.00;0.01;0.00;4176;0
2020-05-12 21:15:16,184;mon_disk;sda;13.86;402.27;786.88;231129561;452108528;sdb;0.00;0.07;0.00;38048;0;sdb1;0.00;0.01;0.00;4232;0;sdb2;0.00;0.01;0.00;4152;0;sdb3;0.00;0.01;0.00;4160;0;sdb4;0.00;0.01;0.00;4176;0;sdb5;0.00;0.01;0.00;4160;0;sdb6;0.00;0.01;0.00;4424;0;sdb7;0.00;0.01;0.00;4168;0;sdb8;0.00;0.01;0.00;4176;0
2020-05-12 21:15:17,191;mon_disk;sda;13.86;402.27;786.88;231129561;452108808;sdb;0.00;0.07;0.00;38048;0;sdb1;0.00;0.01;0.00;4232;0;sdb2;0.00;0.01;0.00;4152;0;sdb3;0.00;0.01;0.00;4160;0;sdb4;0.00;0.01;0.00;4176;0;sdb5;0.00;0.01;0.00;4160;0;sdb6;0.00;0.01;0.00;4424;0;sdb7;0.00;0.01;0.00;4168;0;sdb8;0.00;0.01;0.00;4176;0
2020-05-12 21:15:18,198;mon_disk;sda;13.86;402.27;786.88;231129569;452108808;sdb;0.00;0.07;0.00;38048;0;sdb1;0.00;0.01;0.00;4232;0;sdb2;0.00;0.01;0.00;4152;0;sdb3;0.00;0.01;0.00;4160;0;sdb4;0.00;0.01;0.00;4176;0;sdb5;0.00;0.01;0.00;4160;0;sdb6;0.00;0.01;0.00;4424;0;sdb7;0.00;0.01;0.00;4168;0;sdb8;0.00;0.01;0.00;4176;0
2020-05-12 21:15:19,205;mon_disk;sda;13.86;402.27;786.88;231129569;452108808;sdb;0.00;0.07;0.00;38048;0;sdb1;0.00;0.01;0.00;4232;0;sdb2;0.00;0.01;0.00;4152;0;sdb3;0.00;0.01;0.00;4160;0;sdb4;0.00;0.01;0.00;4176;0;sdb5;0.00;0.01;0.00;4160;0;sdb6;0.00;0.01;0.00;4424;0;sdb7;0.00;0.01;0.00;4168;0;sdb8;0.00;0.01;0.00;4176;0
2020-05-12 21:15:20,213;mon_disk;sda;13.86;402.27;786.87;231129569;452108808;sdb;0.00;0.07;0.00;38048;0;sdb1;0.00;0.01;0.00;4232;0;sdb2;0.00;0.01;0.00;4152;0;sdb3;0.00;0.01;0.00;4160;0;sdb4;0.00;0.01;0.00;4176;0;sdb5;0.00;0.01;0.00;4160;0;sdb6;0.00;0.01;0.00;4424;0;sdb7;0.00;0.01;0.00;4168;0;sdb8;0.00;0.01;0.00;4176;0
2020-05-12 21:15:21,222;mon_disk;sda;13.86;402.27;786.87;231129569;452108808;sdb;0.00;0.07;0.00;38048;0;sdb1;0.00;0.01;0.00;4232;0;sdb2;0.00;0.01;0.00;4152;0;sdb3;0.00;0.01;0.00;4160;0;sdb4;0.00;0.01;0.00;4176;0;sdb5;0.00;0.01;0.00;4160;0;sdb6;0.00;0.01;0.00;4424;0;sdb7;0.00;0.01;0.00;4168;0;sdb8;0.00;0.01;0.00;4176;0
2020-05-12 21:15:22,227;mon_disk;sda;13.86;402.27;786.87;231129569;452109392;sdb;0.00;0.07;0.00;38048;0;sdb1;0.00;0.01;0.00;4232;0;sdb2;0.00;0.01;0.00;4152;0;sdb3;0.00;0.01;0.00;4160;0;sdb4;0.00;0.01;0.00;4176;0;sdb5;0.00;0.01;0.00;4160;0;sdb6;0.00;0.01;0.00;4424;0;sdb7;0.00;0.01;0.00;4168;0;sdb8;0.00;0.01;0.00;4176;0
2020-05-12 21:15:23,231;mon_disk;sda;13.86;402.27;786.87;231129569;452109392;sdb;0.00;0.07;0.00;38048;0;sdb1;0.00;0.01;0.00;4232;0;sdb2;0.00;0.01;0.00;4152;0;sdb3;0.00;0.01;0.00;4160;0;sdb4;0.00;0.01;0.00;4176;0;sdb5;0.00;0.01;0.00;4160;0;sdb6;0.00;0.01;0.00;4424;0;sdb7;0.00;0.01;0.00;4168;0;sdb8;0.00;0.01;0.00;4176;0
2020-05-12 21:15:24,243;mon_disk;sda;13.86;402.27;786.87;231129569;452109392;sdb;0.00;0.07;0.00;38048;0;sdb1;0.00;0.01;0.00;4232;0;sdb2;0.00;0.01;0.00;4152;0;sdb3;0.00;0.01;0.00;4160;0;sdb4;0.00;0.01;0.00;4176;0;sdb5;0.00;0.01;0.00;4160;0;sdb6;0.00;0.01;0.00;4424;0;sdb7;0.00;0.01;0.00;4168;0;sdb8;0.00;0.01;0.00;4176;0
2020-05-12 21:15:25,250;mon_disk;sda;13.86;402.27;786.87;231129569;452109392;sdb;0.00;0.07;0.00;38048;0;sdb1;0.00;0.01;0.00;4232;0;sdb2;0.00;0.01;0.00;4152;0;sdb3;0.00;0.01;0.00;4160;0;sdb4;0.00;0.01;0.00;4176;0;sdb5;0.00;0.01;0.00;4160;0;sdb6;0.00;0.01;0.00;4424;0;sdb7;0.00;0.01;0.00;4168;0;sdb8;0.00;0.01;0.00;4176;0
2020-05-12 21:15:26,259;mon_disk;sda;13.86;402.27;786.87;231129569;452109392;sdb;0.00;0.07;0.00;38048;0;sdb1;0.00;0.01;0.00;4232;0;sdb2;0.00;0.01;0.00;4152;0;sdb3;0.00;0.01;0.00;4160;0;sdb4;0.00;0.01;0.00;4176;0;sdb5;0.00;0.01;0.00;4160;0;sdb6;0.00;0.01;0.00;4424;0;sdb7;0.00;0.01;0.00;4168;0;sdb8;0.00;0.01;0.00;4176;0
2020-05-12 21:15:27,268;mon_disk;sda;13.86;402.27;786.87;231129569;452111704;sdb;0.00;0.07;0.00;38048;0;sdb1;0.00;0.01;0.00;4232;0;sdb2;0.00;0.01;0.00;4152;0;sdb3;0.00;0.01;0.00;4160;0;sdb4;0.00;0.01;0.00;4176;0;sdb5;0.00;0.01;0.00;4160;0;sdb6;0.00;0.01;0.00;4424;0;sdb7;0.00;0.01;0.00;4168;0;sdb8;0.00;0.01;0.00;4176;0
2020-05-12 21:15:28,280;mon_disk;sda;13.86;402.26;786.87;231129569;452112040;sdb;0.00;0.07;0.00;38048;0;sdb1;0.00;0.01;0.00;4232;0;sdb2;0.00;0.01;0.00;4152;0;sdb3;0.00;0.01;0.00;4160;0;sdb4;0.00;0.01;0.00;4176;0;sdb5;0.00;0.01;0.00;4160;0;sdb6;0.00;0.01;0.00;4424;0;sdb7;0.00;0.01;0.00;4168;0;sdb8;0.00;0.01;0.00;4176;0
2020-05-12 21:15:29,295;mon_disk;sda;13.86;402.26;786.87;231129569;452112040;sdb;0.00;0.07;0.00;38048;0;sdb1;0.00;0.01;0.00;4232;0;sdb2;0.00;0.01;0.00;4152;0;sdb3;0.00;0.01;0.00;4160;0;sdb4;0.00;0.01;0.00;4176;0;sdb5;0.00;0.01;0.00;4160;0;sdb6;0.00;0.01;0.00;4424;0;sdb7;0.00;0.01;0.00;4168;0;sdb8;0.00;0.01;0.00;4176;0
2020-05-12 21:15:30,316;mon_disk;sda;13.86;402.26;786.87;231129569;452112208;sdb;0.00;0.07;0.00;38048;0;sdb1;0.00;0.01;0.00;4232;0;sdb2;0.00;0.01;0.00;4152;0;sdb3;0.00;0.01;0.00;4160;0;sdb4;0.00;0.01;0.00;4176;0;sdb5;0.00;0.01;0.00;4160;0;sdb6;0.00;0.01;0.00;4424;0;sdb7;0.00;0.01;0.00;4168;0;sdb8;0.00;0.01;0.00;4176;0
2020-05-12 21:15:31,333;mon_disk;sda;13.86;402.26;786.87;231129569;452112208;sdb;0.00;0.07;0.00;38048;0;sdb1;0.00;0.01;0.00;4232;0;sdb2;0.00;0.01;0.00;4152;0;sdb3;0.00;0.01;0.00;4160;0;sdb4;0.00;0.01;0.00;4176;0;sdb5;0.00;0.01;0.00;4160;0;sdb6;0.00;0.01;0.00;4424;0;sdb7;0.00;0.01;0.00;4168;0;sdb8;0.00;0.01;0.00;4176;0
2020-05-12 21:15:32,347;mon_disk;sda;13.86;402.26;786.86;231129569;452112288;sdb;0.00;0.07;0.00;38048;0;sdb1;0.00;0.01;0.00;4232;0;sdb2;0.00;0.01;0.00;4152;0;sdb3;0.00;0.01;0.00;4160;0;sdb4;0.00;0.01;0.00;4176;0;sdb5;0.00;0.01;0.00;4160;0;sdb6;0.00;0.01;0.00;4424;0;sdb7;0.00;0.01;0.00;4168;0;sdb8;0.00;0.01;0.00;4176;0
2020-05-12 21:15:33,358;mon_disk;sda;13.86;402.26;786.86;231129569;452112288;sdb;0.00;0.07;0.00;38048;0;sdb1;0.00;0.01;0.00;4232;0;sdb2;0.00;0.01;0.00;4152;0;sdb3;0.00;0.01;0.00;4160;0;sdb4;0.00;0.01;0.00;4176;0;sdb5;0.00;0.01;0.00;4160;0;sdb6;0.00;0.01;0.00;4424;0;sdb7;0.00;0.01;0.00;4168;0;sdb8;0.00;0.01;0.00;4176;0
2020-05-12 21:15:34,365;mon_disk;sda;13.86;402.26;786.86;231129569;452112288;sdb;0.00;0.07;0.00;38048;0;sdb1;0.00;0.01;0.00;4232;0;sdb2;0.00;0.01;0.00;4152;0;sdb3;0.00;0.01;0.00;4160;0;sdb4;0.00;0.01;0.00;4176;0;sdb5;0.00;0.01;0.00;4160;0;sdb6;0.00;0.01;0.00;4424;0;sdb7;0.00;0.01;0.00;4168;0;sdb8;0.00;0.01;0.00;4176;0
2020-05-12 21:15:35,393;mon_disk;sda;13.86;402.26;786.86;231129569;452112328;sdb;0.00;0.07;0.00;38048;0;sdb1;0.00;0.01;0.00;4232;0;sdb2;0.00;0.01;0.00;4152;0;sdb3;0.00;0.01;0.00;4160;0;sdb4;0.00;0.01;0.00;4176;0;sdb5;0.00;0.01;0.00;4160;0;sdb6;0.00;0.01;0.00;4424;0;sdb7;0.00;0.01;0.00;4168;0;sdb8;0.00;0.01;0.00;4176;0
2020-05-12 21:15:36,399;mon_disk;sda;13.86;402.26;786.86;231129569;452112328;sdb;0.00;0.07;0.00;38048;0;sdb1;0.00;0.01;0.00;4232;0;sdb2;0.00;0.01;0.00;4152;0;sdb3;0.00;0.01;0.00;4160;0;sdb4;0.00;0.01;0.00;4176;0;sdb5;0.00;0.01;0.00;4160;0;sdb6;0.00;0.01;0.00;4424;0;sdb7;0.00;0.01;0.00;4168;0;sdb8;0.00;0.01;0.00;4176;0
2020-05-12 21:15:37,415;mon_disk;sda;13.86;402.26;786.86;231129569;452113216;sdb;0.00;0.07;0.00;38048;0;sdb1;0.00;0.01;0.00;4232;0;sdb2;0.00;0.01;0.00;4152;0;sdb3;0.00;0.01;0.00;4160;0;sdb4;0.00;0.01;0.00;4176;0;sdb5;0.00;0.01;0.00;4160;0;sdb6;0.00;0.01;0.00;4424;0;sdb7;0.00;0.01;0.00;4168;0;sdb8;0.00;0.01;0.00;4176;0
2020-05-12 21:15:38,440;mon_disk;sda;13.86;402.26;786.86;231129569;452113216;sdb;0.00;0.07;0.00;38048;0;sdb1;0.00;0.01;0.00;4232;0;sdb2;0.00;0.01;0.00;4152;0;sdb3;0.00;0.01;0.00;4160;0;sdb4;0.00;0.01;0.00;4176;0;sdb5;0.00;0.01;0.00;4160;0;sdb6;0.00;0.01;0.00;4424;0;sdb7;0.00;0.01;0.00;4168;0;sdb8;0.00;0.01;0.00;4176;0
2020-05-12 21:15:39,462;mon_disk;sda;13.86;402.26;786.86;231129569;452113216;sdb;0.00;0.07;0.00;38048;0;sdb1;0.00;0.01;0.00;4232;0;sdb2;0.00;0.01;0.00;4152;0;sdb3;0.00;0.01;0.00;4160;0;sdb4;0.00;0.01;0.00;4176;0;sdb5;0.00;0.01;0.00;4160;0;sdb6;0.00;0.01;0.00;4424;0;sdb7;0.00;0.01;0.00;4168;0;sdb8;0.00;0.01;0.00;4176;0
2020-05-12 21:15:40,495;mon_disk;sda;13.86;402.26;786.85;231129633;452113216;sdb;0.00;0.07;0.00;38048;0;sdb1;0.00;0.01;0.00;4232;0;sdb2;0.00;0.01;0.00;4152;0;sdb3;0.00;0.01;0.00;4160;0;sdb4;0.00;0.01;0.00;4176;0;sdb5;0.00;0.01;0.00;4160;0;sdb6;0.00;0.01;0.00;4424;0;sdb7;0.00;0.01;0.00;4168;0;sdb8;0.00;0.01;0.00;4176;0
2020-05-12 21:15:41,507;mon_disk;sda;13.86;402.26;786.85;231129633;452113216;sdb;0.00;0.07;0.00;38048;0;sdb1;0.00;0.01;0.00;4232;0;sdb2;0.00;0.01;0.00;4152;0;sdb3;0.00;0.01;0.00;4160;0;sdb4;0.00;0.01;0.00;4176;0;sdb5;0.00;0.01;0.00;4160;0;sdb6;0.00;0.01;0.00;4424;0;sdb7;0.00;0.01;0.00;4168;0;sdb8;0.00;0.01;0.00;4176;0
2020-05-12 21:15:42,517;mon_disk;sda;13.86;402.26;786.85;231129633;452113296;sdb;0.00;0.07;0.00;38048;0;sdb1;0.00;0.01;0.00;4232;0;sdb2;0.00;0.01;0.00;4152;0;sdb3;0.00;0.01;0.00;4160;0;sdb4;0.00;0.01;0.00;4176;0;sdb5;0.00;0.01;0.00;4160;0;sdb6;0.00;0.01;0.00;4424;0;sdb7;0.00;0.01;0.00;4168;0;sdb8;0.00;0.01;0.00;4176;0
2020-05-12 21:15:43,529;mon_disk;sda;13.86;402.25;786.85;231129633;452113296;sdb;0.00;0.07;0.00;38048;0;sdb1;0.00;0.01;0.00;4232;0;sdb2;0.00;0.01;0.00;4152;0;sdb3;0.00;0.01;0.00;4160;0;sdb4;0.00;0.01;0.00;4176;0;sdb5;0.00;0.01;0.00;4160;0;sdb6;0.00;0.01;0.00;4424;0;sdb7;0.00;0.01;0.00;4168;0;sdb8;0.00;0.01;0.00;4176;0
2020-05-12 21:15:44,551;mon_disk;sda;13.86;402.25;786.85;231129633;452113296;sdb;0.00;0.07;0.00;38048;0;sdb1;0.00;0.01;0.00;4232;0;sdb2;0.00;0.01;0.00;4152;0;sdb3;0.00;0.01;0.00;4160;0;sdb4;0.00;0.01;0.00;4176;0;sdb5;0.00;0.01;0.00;4160;0;sdb6;0.00;0.01;0.00;4424;0;sdb7;0.00;0.01;0.00;4168;0;sdb8;0.00;0.01;0.00;4176;0
2020-05-12 21:15:45,563;mon_disk;sda;13.86;402.25;786.85;231129633;452113296;sdb;0.00;0.07;0.00;38048;0;sdb1;0.00;0.01;0.00;4232;0;sdb2;0.00;0.01;0.00;4152;0;sdb3;0.00;0.01;0.00;4160;0;sdb4;0.00;0.01;0.00;4176;0;sdb5;0.00;0.01;0.00;4160;0;sdb6;0.00;0.01;0.00;4424;0;sdb7;0.00;0.01;0.00;4168;0;sdb8;0.00;0.01;0.00;4176;0
2020-05-12 21:15:46,570;mon_disk;sda;13.86;402.25;786.85;231129633;452113296;sdb;0.00;0.07;0.00;38048;0;sdb1;0.00;0.01;0.00;4232;0;sdb2;0.00;0.01;0.00;4152;0;sdb3;0.00;0.01;0.00;4160;0;sdb4;0.00;0.01;0.00;4176;0;sdb5;0.00;0.01;0.00;4160;0;sdb6;0.00;0.01;0.00;4424;0;sdb7;0.00;0.01;0.00;4168;0;sdb8;0.00;0.01;0.00;4176;0
2020-05-12 21:15:47,585;mon_disk;sda;13.86;402.25;786.85;231129633;452113376;sdb;0.00;0.07;0.00;38048;0;sdb1;0.00;0.01;0.00;4232;0;sdb2;0.00;0.01;0.00;4152;0;sdb3;0.00;0.01;0.00;4160;0;sdb4;0.00;0.01;0.00;4176;0;sdb5;0.00;0.01;0.00;4160;0;sdb6;0.00;0.01;0.00;4424;0;sdb7;0.00;0.01;0.00;4168;0;sdb8;0.00;0.01;0.00;4176;0
2020-05-12 21:15:48,596;mon_disk;sda;13.86;402.25;786.84;231129633;452113376;sdb;0.00;0.07;0.00;38048;0;sdb1;0.00;0.01;0.00;4232;0;sdb2;0.00;0.01;0.00;4152;0;sdb3;0.00;0.01;0.00;4160;0;sdb4;0.00;0.01;0.00;4176;0;sdb5;0.00;0.01;0.00;4160;0;sdb6;0.00;0.01;0.00;4424;0;sdb7;0.00;0.01;0.00;4168;0;sdb8;0.00;0.01;0.00;4176;0
2020-05-12 21:15:49,603;mon_disk;sda;13.86;402.25;786.84;231129633;452113376;sdb;0.00;0.07;0.00;38048;0;sdb1;0.00;0.01;0.00;4232;0;sdb2;0.00;0.01;0.00;4152;0;sdb3;0.00;0.01;0.00;4160;0;sdb4;0.00;0.01;0.00;4176;0;sdb5;0.00;0.01;0.00;4160;0;sdb6;0.00;0.01;0.00;4424;0;sdb7;0.00;0.01;0.00;4168;0;sdb8;0.00;0.01;0.00;4176;0
2020-05-12 21:15:50,620;mon_disk;sda;13.86;402.25;786.84;231129633;452113376;sdb;0.00;0.07;0.00;38048;0;sdb1;0.00;0.01;0.00;4232;0;sdb2;0.00;0.01;0.00;4152;0;sdb3;0.00;0.01;0.00;4160;0;sdb4;0.00;0.01;0.00;4176;0;sdb5;0.00;0.01;0.00;4160;0;sdb6;0.00;0.01;0.00;4424;0;sdb7;0.00;0.01;0.00;4168;0;sdb8;0.00;0.01;0.00;4176;0
2020-05-12 21:15:51,635;mon_disk;sda;13.86;402.25;786.84;231129633;452113376;sdb;0.00;0.07;0.00;38048;0;sdb1;0.00;0.01;0.00;4232;0;sdb2;0.00;0.01;0.00;4152;0;sdb3;0.00;0.01;0.00;4160;0;sdb4;0.00;0.01;0.00;4176;0;sdb5;0.00;0.01;0.00;4160;0;sdb6;0.00;0.01;0.00;4424;0;sdb7;0.00;0.01;0.00;4168;0;sdb8;0.00;0.01;0.00;4176;0
2020-05-12 21:15:52,643;mon_disk;sda;13.86;402.25;786.84;231129633;452113408;sdb;0.00;0.07;0.00;38048;0;sdb1;0.00;0.01;0.00;4232;0;sdb2;0.00;0.01;0.00;4152;0;sdb3;0.00;0.01;0.00;4160;0;sdb4;0.00;0.01;0.00;4176;0;sdb5;0.00;0.01;0.00;4160;0;sdb6;0.00;0.01;0.00;4424;0;sdb7;0.00;0.01;0.00;4168;0;sdb8;0.00;0.01;0.00;4176;0
2020-05-12 21:15:53,655;mon_disk;sda;13.86;402.25;786.84;231129633;452113952;sdb;0.00;0.07;0.00;38048;0;sdb1;0.00;0.01;0.00;4232;0;sdb2;0.00;0.01;0.00;4152;0;sdb3;0.00;0.01;0.00;4160;0;sdb4;0.00;0.01;0.00;4176;0;sdb5;0.00;0.01;0.00;4160;0;sdb6;0.00;0.01;0.00;4424;0;sdb7;0.00;0.01;0.00;4168;0;sdb8;0.00;0.01;0.00;4176;0
2020-05-12 21:15:54,667;mon_disk;sda;13.86;402.25;786.84;231129633;452113952;sdb;0.00;0.07;0.00;38048;0;sdb1;0.00;0.01;0.00;4232;0;sdb2;0.00;0.01;0.00;4152;0;sdb3;0.00;0.01;0.00;4160;0;sdb4;0.00;0.01;0.00;4176;0;sdb5;0.00;0.01;0.00;4160;0;sdb6;0.00;0.01;0.00;4424;0;sdb7;0.00;0.01;0.00;4168;0;sdb8;0.00;0.01;0.00;4176;0
2020-05-12 21:15:55,686;mon_disk;sda;13.86;402.25;786.84;231129697;452113952;sdb;0.00;0.07;0.00;38048;0;sdb1;0.00;0.01;0.00;4232;0;sdb2;0.00;0.01;0.00;4152;0;sdb3;0.00;0.01;0.00;4160;0;sdb4;0.00;0.01;0.00;4176;0;sdb5;0.00;0.01;0.00;4160;0;sdb6;0.00;0.01;0.00;4424;0;sdb7;0.00;0.01;0.00;4168;0;sdb8;0.00;0.01;0.00;4176;0
2020-05-12 21:15:56,701;mon_disk;sda;13.86;402.25;786.83;231129697;452113952;sdb;0.00;0.07;0.00;38048;0;sdb1;0.00;0.01;0.00;4232;0;sdb2;0.00;0.01;0.00;4152;0;sdb3;0.00;0.01;0.00;4160;0;sdb4;0.00;0.01;0.00;4176;0;sdb5;0.00;0.01;0.00;4160;0;sdb6;0.00;0.01;0.00;4424;0;sdb7;0.00;0.01;0.00;4168;0;sdb8;0.00;0.01;0.00;4176;0
2020-05-12 21:15:57,717;mon_disk;sda;13.86;402.24;786.83;231129697;452113976;sdb;0.00;0.07;0.00;38048;0;sdb1;0.00;0.01;0.00;4232;0;sdb2;0.00;0.01;0.00;4152;0;sdb3;0.00;0.01;0.00;4160;0;sdb4;0.00;0.01;0.00;4176;0;sdb5;0.00;0.01;0.00;4160;0;sdb6;0.00;0.01;0.00;4424;0;sdb7;0.00;0.01;0.00;4168;0;sdb8;0.00;0.01;0.00;4176;0
2020-05-12 21:15:58,731;mon_disk;sda;13.86;402.24;786.84;231129697;452117608;sdb;0.00;0.07;0.00;38048;0;sdb1;0.00;0.01;0.00;4232;0;sdb2;0.00;0.01;0.00;4152;0;sdb3;0.00;0.01;0.00;4160;0;sdb4;0.00;0.01;0.00;4176;0;sdb5;0.00;0.01;0.00;4160;0;sdb6;0.00;0.01;0.00;4424;0;sdb7;0.00;0.01;0.00;4168;0;sdb8;0.00;0.01;0.00;4176;0
2020-05-12 21:15:59,736;mon_disk;sda;13.86;402.24;786.84;231129697;452117608;sdb;0.00;0.07;0.00;38048;0;sdb1;0.00;0.01;0.00;4232;0;sdb2;0.00;0.01;0.00;4152;0;sdb3;0.00;0.01;0.00;4160;0;sdb4;0.00;0.01;0.00;4176;0;sdb5;0.00;0.01;0.00;4160;0;sdb6;0.00;0.01;0.00;4424;0;sdb7;0.00;0.01;0.00;4168;0;sdb8;0.00;0.01;0.00;4176;0
2020-05-12 21:16:00,744;mon_disk;sda;13.86;402.24;786.83;231129697;452117608;sdb;0.00;0.07;0.00;38048;0;sdb1;0.00;0.01;0.00;4232;0;sdb2;0.00;0.01;0.00;4152;0;sdb3;0.00;0.01;0.00;4160;0;sdb4;0.00;0.01;0.00;4176;0;sdb5;0.00;0.01;0.00;4160;0;sdb6;0.00;0.01;0.00;4424;0;sdb7;0.00;0.01;0.00;4168;0;sdb8;0.00;0.01;0.00;4176;0
2020-05-12 21:16:01,750;mon_disk;sda;13.86;402.24;786.83;231129697;452117608;sdb;0.00;0.07;0.00;38048;0;sdb1;0.00;0.01;0.00;4232;0;sdb2;0.00;0.01;0.00;4152;0;sdb3;0.00;0.01;0.00;4160;0;sdb4;0.00;0.01;0.00;4176;0;sdb5;0.00;0.01;0.00;4160;0;sdb6;0.00;0.01;0.00;4424;0;sdb7;0.00;0.01;0.00;4168;0;sdb8;0.00;0.01;0.00;4176;0
2020-05-12 21:16:02,756;mon_disk;sda;13.86;402.24;786.83;231129697;452117680;sdb;0.00;0.07;0.00;38048;0;sdb1;0.00;0.01;0.00;4232;0;sdb2;0.00;0.01;0.00;4152;0;sdb3;0.00;0.01;0.00;4160;0;sdb4;0.00;0.01;0.00;4176;0;sdb5;0.00;0.01;0.00;4160;0;sdb6;0.00;0.01;0.00;4424;0;sdb7;0.00;0.01;0.00;4168;0;sdb8;0.00;0.01;0.00;4176;0
2020-05-12 21:16:03,760;mon_disk;sda;13.86;402.24;786.83;231129697;452117888;sdb;0.00;0.07;0.00;38048;0;sdb1;0.00;0.01;0.00;4232;0;sdb2;0.00;0.01;0.00;4152;0;sdb3;0.00;0.01;0.00;4160;0;sdb4;0.00;0.01;0.00;4176;0;sdb5;0.00;0.01;0.00;4160;0;sdb6;0.00;0.01;0.00;4424;0;sdb7;0.00;0.01;0.00;4168;0;sdb8;0.00;0.01;0.00;4176;0
2020-05-12 21:16:04,768;mon_disk;sda;13.86;402.24;786.83;231129697;452117992;sdb;0.00;0.07;0.00;38048;0;sdb1;0.00;0.01;0.00;4232;0;sdb2;0.00;0.01;0.00;4152;0;sdb3;0.00;0.01;0.00;4160;0;sdb4;0.00;0.01;0.00;4176;0;sdb5;0.00;0.01;0.00;4160;0;sdb6;0.00;0.01;0.00;4424;0;sdb7;0.00;0.01;0.00;4168;0;sdb8;0.00;0.01;0.00;4176;0
2020-05-12 21:16:05,778;mon_disk;sda;13.86;402.24;786.83;231129697;452117992;sdb;0.00;0.07;0.00;38048;0;sdb1;0.00;0.01;0.00;4232;0;sdb2;0.00;0.01;0.00;4152;0;sdb3;0.00;0.01;0.00;4160;0;sdb4;0.00;0.01;0.00;4176;0;sdb5;0.00;0.01;0.00;4160;0;sdb6;0.00;0.01;0.00;4424;0;sdb7;0.00;0.01;0.00;4168;0;sdb8;0.00;0.01;0.00;4176;0
2020-05-12 21:16:06,786;mon_disk;sda;13.86;402.24;786.83;231129697;452118208;sdb;0.00;0.07;0.00;38048;0;sdb1;0.00;0.01;0.00;4232;0;sdb2;0.00;0.01;0.00;4152;0;sdb3;0.00;0.01;0.00;4160;0;sdb4;0.00;0.01;0.00;4176;0;sdb5;0.00;0.01;0.00;4160;0;sdb6;0.00;0.01;0.00;4424;0;sdb7;0.00;0.01;0.00;4168;0;sdb8;0.00;0.01;0.00;4176;0
2020-05-12 21:16:07,791;mon_disk;sda;13.86;402.24;786.83;231129697;452118504;sdb;0.00;0.07;0.00;38048;0;sdb1;0.00;0.01;0.00;4232;0;sdb2;0.00;0.01;0.00;4152;0;sdb3;0.00;0.01;0.00;4160;0;sdb4;0.00;0.01;0.00;4176;0;sdb5;0.00;0.01;0.00;4160;0;sdb6;0.00;0.01;0.00;4424;0;sdb7;0.00;0.01;0.00;4168;0;sdb8;0.00;0.01;0.00;4176;0
2020-05-12 21:16:08,799;mon_disk;sda;13.86;402.24;786.83;231129705;452118680;sdb;0.00;0.07;0.00;38048;0;sdb1;0.00;0.01;0.00;4232;0;sdb2;0.00;0.01;0.00;4152;0;sdb3;0.00;0.01;0.00;4160;0;sdb4;0.00;0.01;0.00;4176;0;sdb5;0.00;0.01;0.00;4160;0;sdb6;0.00;0.01;0.00;4424;0;sdb7;0.00;0.01;0.00;4168;0;sdb8;0.00;0.01;0.00;4176;0
2020-05-12 21:16:09,816;mon_disk;sda;13.86;402.24;786.82;231129737;452118680;sdb;0.00;0.07;0.00;38048;0;sdb1;0.00;0.01;0.00;4232;0;sdb2;0.00;0.01;0.00;4152;0;sdb3;0.00;0.01;0.00;4160;0;sdb4;0.00;0.01;0.00;4176;0;sdb5;0.00;0.01;0.00;4160;0;sdb6;0.00;0.01;0.00;4424;0;sdb7;0.00;0.01;0.00;4168;0;sdb8;0.00;0.01;0.00;4176;0
2020-05-12 21:16:10,823;mon_disk;sda;13.86;402.24;786.82;231129913;452118680;sdb;0.00;0.07;0.00;38048;0;sdb1;0.00;0.01;0.00;4232;0;sdb2;0.00;0.01;0.00;4152;0;sdb3;0.00;0.01;0.00;4160;0;sdb4;0.00;0.01;0.00;4176;0;sdb5;0.00;0.01;0.00;4160;0;sdb6;0.00;0.01;0.00;4424;0;sdb7;0.00;0.01;0.00;4168;0;sdb8;0.00;0.01;0.00;4176;0
2020-05-12 21:16:11,831;mon_disk;sda;13.86;402.24;786.82;231129921;452119008;sdb;0.00;0.07;0.00;38048;0;sdb1;0.00;0.01;0.00;4232;0;sdb2;0.00;0.01;0.00;4152;0;sdb3;0.00;0.01;0.00;4160;0;sdb4;0.00;0.01;0.00;4176;0;sdb5;0.00;0.01;0.00;4160;0;sdb6;0.00;0.01;0.00;4424;0;sdb7;0.00;0.01;0.00;4168;0;sdb8;0.00;0.01;0.00;4176;0
2020-05-12 21:16:12,837;mon_disk;sda;13.86;402.23;786.82;231129921;452119032;sdb;0.00;0.07;0.00;38048;0;sdb1;0.00;0.01;0.00;4232;0;sdb2;0.00;0.01;0.00;4152;0;sdb3;0.00;0.01;0.00;4160;0;sdb4;0.00;0.01;0.00;4176;0;sdb5;0.00;0.01;0.00;4160;0;sdb6;0.00;0.01;0.00;4424;0;sdb7;0.00;0.01;0.00;4168;0;sdb8;0.00;0.01;0.00;4176;0
2020-05-12 21:16:13,842;mon_disk;sda;13.86;402.23;786.82;231129921;452119040;sdb;0.00;0.07;0.00;38048;0;sdb1;0.00;0.01;0.00;4232;0;sdb2;0.00;0.01;0.00;4152;0;sdb3;0.00;0.01;0.00;4160;0;sdb4;0.00;0.01;0.00;4176;0;sdb5;0.00;0.01;0.00;4160;0;sdb6;0.00;0.01;0.00;4424;0;sdb7;0.00;0.01;0.00;4168;0;sdb8;0.00;0.01;0.00;4176;0
2020-05-12 21:16:14,845;mon_disk;sda;13.86;402.23;786.82;231129921;452119184;sdb;0.00;0.07;0.00;38048;0;sdb1;0.00;0.01;0.00;4232;0;sdb2;0.00;0.01;0.00;4152;0;sdb3;0.00;0.01;0.00;4160;0;sdb4;0.00;0.01;0.00;4176;0;sdb5;0.00;0.01;0.00;4160;0;sdb6;0.00;0.01;0.00;4424;0;sdb7;0.00;0.01;0.00;4168;0;sdb8;0.00;0.01;0.00;4176;0
2020-05-12 21:16:15,849;mon_disk;sda;13.86;402.23;786.82;231130009;452119184;sdb;0.00;0.07;0.00;38048;0;sdb1;0.00;0.01;0.00;4232;0;sdb2;0.00;0.01;0.00;4152;0;sdb3;0.00;0.01;0.00;4160;0;sdb4;0.00;0.01;0.00;4176;0;sdb5;0.00;0.01;0.00;4160;0;sdb6;0.00;0.01;0.00;4424;0;sdb7;0.00;0.01;0.00;4168;0;sdb8;0.00;0.01;0.00;4176;0
2020-05-12 21:16:16,855;mon_disk;sda;13.86;402.23;786.82;231130009;452119184;sdb;0.00;0.07;0.00;38048;0;sdb1;0.00;0.01;0.00;4232;0;sdb2;0.00;0.01;0.00;4152;0;sdb3;0.00;0.01;0.00;4160;0;sdb4;0.00;0.01;0.00;4176;0;sdb5;0.00;0.01;0.00;4160;0;sdb6;0.00;0.01;0.00;4424;0;sdb7;0.00;0.01;0.00;4168;0;sdb8;0.00;0.01;0.00;4176;0
2020-05-12 21:16:17,859;mon_disk;sda;13.86;402.23;786.81;231130009;452119208;sdb;0.00;0.07;0.00;38048;0;sdb1;0.00;0.01;0.00;4232;0;sdb2;0.00;0.01;0.00;4152;0;sdb3;0.00;0.01;0.00;4160;0;sdb4;0.00;0.01;0.00;4176;0;sdb5;0.00;0.01;0.00;4160;0;sdb6;0.00;0.01;0.00;4424;0;sdb7;0.00;0.01;0.00;4168;0;sdb8;0.00;0.01;0.00;4176;0
2020-05-12 21:16:18,865;mon_disk;sda;13.86;402.23;786.81;231130009;452119208;sdb;0.00;0.07;0.00;38048;0;sdb1;0.00;0.01;0.00;4232;0;sdb2;0.00;0.01;0.00;4152;0;sdb3;0.00;0.01;0.00;4160;0;sdb4;0.00;0.01;0.00;4176;0;sdb5;0.00;0.01;0.00;4160;0;sdb6;0.00;0.01;0.00;4424;0;sdb7;0.00;0.01;0.00;4168;0;sdb8;0.00;0.01;0.00;4176;0
2020-05-12 21:16:19,872;mon_disk;sda;13.86;402.23;786.81;231130009;452119328;sdb;0.00;0.07;0.00;38048;0;sdb1;0.00;0.01;0.00;4232;0;sdb2;0.00;0.01;0.00;4152;0;sdb3;0.00;0.01;0.00;4160;0;sdb4;0.00;0.01;0.00;4176;0;sdb5;0.00;0.01;0.00;4160;0;sdb6;0.00;0.01;0.00;4424;0;sdb7;0.00;0.01;0.00;4168;0;sdb8;0.00;0.01;0.00;4176;0
2020-05-12 21:16:20,878;mon_disk;sda;13.86;402.23;786.81;231130009;452119328;sdb;0.00;0.07;0.00;38048;0;sdb1;0.00;0.01;0.00;4232;0;sdb2;0.00;0.01;0.00;4152;0;sdb3;0.00;0.01;0.00;4160;0;sdb4;0.00;0.01;0.00;4176;0;sdb5;0.00;0.01;0.00;4160;0;sdb6;0.00;0.01;0.00;4424;0;sdb7;0.00;0.01;0.00;4168;0;sdb8;0.00;0.01;0.00;4176;0
2020-05-12 21:16:21,883;mon_disk;sda;13.86;402.23;786.81;231130009;452119328;sdb;0.00;0.07;0.00;38048;0;sdb1;0.00;0.01;0.00;4232;0;sdb2;0.00;0.01;0.00;4152;0;sdb3;0.00;0.01;0.00;4160;0;sdb4;0.00;0.01;0.00;4176;0;sdb5;0.00;0.01;0.00;4160;0;sdb6;0.00;0.01;0.00;4424;0;sdb7;0.00;0.01;0.00;4168;0;sdb8;0.00;0.01;0.00;4176;0
2020-05-12 21:16:22,889;mon_disk;sda;13.86;402.23;786.81;231130009;452119352;sdb;0.00;0.07;0.00;38048;0;sdb1;0.00;0.01;0.00;4232;0;sdb2;0.00;0.01;0.00;4152;0;sdb3;0.00;0.01;0.00;4160;0;sdb4;0.00;0.01;0.00;4176;0;sdb5;0.00;0.01;0.00;4160;0;sdb6;0.00;0.01;0.00;4424;0;sdb7;0.00;0.01;0.00;4168;0;sdb8;0.00;0.01;0.00;4176;0
2020-05-12 21:16:23,893;mon_disk;sda;13.86;402.23;786.83;231130009;452135424;sdb;0.00;0.07;0.00;38048;0;sdb1;0.00;0.01;0.00;4232;0;sdb2;0.00;0.01;0.00;4152;0;sdb3;0.00;0.01;0.00;4160;0;sdb4;0.00;0.01;0.00;4176;0;sdb5;0.00;0.01;0.00;4160;0;sdb6;0.00;0.01;0.00;4424;0;sdb7;0.00;0.01;0.00;4168;0;sdb8;0.00;0.01;0.00;4176;0
2020-05-12 21:16:24,901;mon_disk;sda;13.86;402.23;786.83;231130033;452135624;sdb;0.00;0.07;0.00;38048;0;sdb1;0.00;0.01;0.00;4232;0;sdb2;0.00;0.01;0.00;4152;0;sdb3;0.00;0.01;0.00;4160;0;sdb4;0.00;0.01;0.00;4176;0;sdb5;0.00;0.01;0.00;4160;0;sdb6;0.00;0.01;0.00;4424;0;sdb7;0.00;0.01;0.00;4168;0;sdb8;0.00;0.01;0.00;4176;0
