2020-05-12 21:13:51,668;mon_network;eth0;1502;1406;lo;0;0;
2020-05-12 21:13:51,782;mon_network;eth0;1502;1406;lo;0;0;
2020-05-12 21:13:51,886;mon_network;eth0;1502;1406;lo;0;0;
2020-05-12 21:13:51,994;mon_network;eth0;1502;1406;lo;0;0;
2020-05-12 21:13:52,101;mon_network;eth0;1502;1406;lo;0;0;
2020-05-12 21:13:52,208;mon_network;eth0;1502;1406;lo;0;0;
2020-05-12 21:13:52,315;mon_network;eth0;1502;1406;lo;0;0;
2020-05-12 21:13:52,425;mon_network;eth0;1502;1406;lo;0;0;
2020-05-12 21:13:52,533;mon_network;eth0;1502;1406;lo;0;0;
2020-05-12 21:13:52,642;mon_network;eth0;1502;1406;lo;0;0;
2020-05-12 21:13:52,748;mon_network;eth0;1502;1406;lo;0;0;
2020-05-12 21:13:52,858;mon_network;eth0;1502;1406;lo;0;0;
2020-05-12 21:13:52,965;mon_network;eth0;1502;1406;lo;0;0;
2020-05-12 21:13:53,070;mon_network;eth0;1502;1406;lo;0;0;
2020-05-12 21:13:53,177;mon_network;eth0;1502;1406;lo;0;0;
2020-05-12 21:13:53,293;mon_network;eth0;1502;1406;lo;0;0;
2020-05-12 21:13:53,403;mon_network;eth0;1502;1406;lo;0;0;
2020-05-12 21:13:53,514;mon_network;eth0;1502;1406;lo;0;0;
2020-05-12 21:13:53,619;mon_network;eth0;1502;1406;lo;0;0;
2020-05-12 21:13:53,728;mon_network;eth0;1502;1406;lo;0;0;
2020-05-12 21:13:53,836;mon_network;eth0;1502;1406;lo;0;0;
2020-05-12 21:13:53,940;mon_network;eth0;1502;1406;lo;0;0;
2020-05-12 21:13:54,047;mon_network;eth0;1502;1406;lo;0;0;
2020-05-12 21:13:54,154;mon_network;eth0;1502;1406;lo;0;0;
2020-05-12 21:13:54,262;mon_network;eth0;1502;1406;lo;0;0;
2020-05-12 21:13:54,368;mon_network;eth0;1502;1406;lo;0;0;
2020-05-12 21:13:54,478;mon_network;eth0;1502;1406;lo;0;0;
2020-05-12 21:13:54,586;mon_network;eth0;1502;1406;lo;0;0;
2020-05-12 21:13:54,696;mon_network;eth0;1502;1406;lo;0;0;
2020-05-12 21:13:54,805;mon_network;eth0;1502;1406;lo;0;0;
2020-05-12 21:13:54,925;mon_network;eth0;1502;1406;lo;0;0;
2020-05-12 21:13:55,034;mon_network;eth0;1502;1406;lo;0;0;
2020-05-12 21:13:55,139;mon_network;eth0;1502;1406;lo;0;0;
2020-05-12 21:13:55,247;mon_network;eth0;1502;1406;lo;0;0;
2020-05-12 21:13:55,353;mon_network;eth0;1502;1406;lo;0;0;
2020-05-12 21:13:55,468;mon_network;eth0;1502;1406;lo;0;0;
2020-05-12 21:13:55,584;mon_network;eth0;1502;1406;lo;0;0;
2020-05-12 21:13:55,706;mon_network;eth0;1502;1406;lo;0;0;
2020-05-12 21:13:55,814;mon_network;eth0;1502;1406;lo;0;0;
2020-05-12 21:13:55,923;mon_network;eth0;1502;1406;lo;0;0;
2020-05-12 21:13:56,028;mon_network;eth0;1502;1406;lo;0;0;
2020-05-12 21:13:56,139;mon_network;eth0;1502;1406;lo;0;0;
2020-05-12 21:13:56,249;mon_network;eth0;1502;1406;lo;0;0;
2020-05-12 21:13:56,360;mon_network;eth0;1502;1406;lo;0;0;
2020-05-12 21:13:56,469;mon_network;eth0;1502;1406;lo;0;0;
2020-05-12 21:13:56,577;mon_network;eth0;1502;1406;lo;0;0;
2020-05-12 21:13:56,685;mon_network;eth0;1502;1406;lo;0;0;
2020-05-12 21:13:56,795;mon_network;eth0;1502;1406;lo;0;0;
2020-05-12 21:13:56,903;mon_network;eth0;1502;1406;lo;0;0;
2020-05-12 21:13:57,009;mon_network;eth0;1502;1406;lo;0;0;
2020-05-12 21:13:57,119;mon_network;eth0;1502;1406;lo;0;0;
2020-05-12 21:13:57,228;mon_network;eth0;1502;1406;lo;0;0;
2020-05-12 21:13:57,335;mon_network;eth0;1502;1406;lo;0;0;
2020-05-12 21:13:57,443;mon_network;eth0;1502;1406;lo;0;0;
2020-05-12 21:13:57,562;mon_network;eth0;1502;1406;lo;0;0;
2020-05-12 21:13:57,671;mon_network;eth0;1502;1406;lo;0;0;
2020-05-12 21:13:57,782;mon_network;eth0;1502;1406;lo;0;0;
2020-05-12 21:13:57,891;mon_network;eth0;1502;1406;lo;0;0;
2020-05-12 21:13:58,011;mon_network;eth0;1502;1406;lo;0;0;
2020-05-12 21:13:58,120;mon_network;eth0;1502;1406;lo;0;0;
2020-05-12 21:13:58,230;mon_network;eth0;1750;1684;lo;0;0;
2020-05-12 21:13:58,338;mon_network;eth0;2060;2013;lo;0;0;
2020-05-12 21:13:58,443;mon_network;eth0;2431;2455;lo;0;0;
2020-05-12 21:13:58,560;mon_network;eth0;2825;2889;lo;0;0;
2020-05-12 21:13:58,665;mon_network;eth0;3182;3295;lo;0;0;
2020-05-12 21:13:58,783;mon_network;eth0;3469;3619;lo;0;0;
2020-05-12 21:13:58,887;mon_network;eth0;3777;3970;lo;0;0;
2020-05-12 21:13:58,998;mon_network;eth0;4163;4393;lo;0;0;
2020-05-12 21:13:59,124;mon_network;eth0;4840;5155;lo;0;0;
2020-05-12 21:13:59,241;mon_network;eth0;5433;5824;lo;0;0;
2020-05-12 21:13:59,346;mon_network;eth0;6243;6755;lo;0;0;
2020-05-12 21:13:59,451;mon_network;eth0;6980;7586;lo;0;0;
2020-05-12 21:13:59,556;mon_network;eth0;7428;8093;lo;0;0;
2020-05-12 21:13:59,661;mon_network;eth0;7973;8705;lo;0;0;
2020-05-12 21:13:59,784;mon_network;eth0;8227;8986;lo;0;0;
2020-05-12 21:13:59,902;mon_network;eth0;8807;9631;lo;0;0;
2020-05-12 21:14:00,028;mon_network;eth0;9527;10430;lo;0;0;
2020-05-12 21:14:00,135;mon_network;eth0;9973;10926;lo;0;0;
2020-05-12 21:14:00,240;mon_network;eth0;10470;11483;lo;0;0;
2020-05-12 21:14:00,348;mon_network;eth0;11157;12256;lo;0;0;
2020-05-12 21:14:00,459;mon_network;eth0;11891;13087;lo;0;0;
2020-05-12 21:14:00,579;mon_network;eth0;12220;13454;lo;0;0;
2020-05-12 21:14:00,690;mon_network;eth0;12300;13543;lo;0;0;
2020-05-12 21:14:00,796;mon_network;eth0;12300;13543;lo;0;0;
2020-05-12 21:14:00,900;mon_network;eth0;12300;13543;lo;0;0;
2020-05-12 21:14:01,010;mon_network;eth0;12300;13543;lo;0;0;
2020-05-12 21:14:01,119;mon_network;eth0;12300;13543;lo;0;0;
2020-05-12 21:14:01,227;mon_network;eth0;12300;13543;lo;0;0;
2020-05-12 21:14:01,332;mon_network;eth0;12300;13543;lo;0;0;
2020-05-12 21:14:01,438;mon_network;eth0;12300;13543;lo;0;0;
2020-05-12 21:14:01,543;mon_network;eth0;12300;13543;lo;0;0;
2020-05-12 21:14:01,649;mon_network;eth0;12300;13543;lo;0;0;
2020-05-12 21:14:01,759;mon_network;eth0;12300;13543;lo;0;0;
2020-05-12 21:14:01,869;mon_network;eth0;12300;13543;lo;0;0;
2020-05-12 21:14:01,973;mon_network;eth0;12300;13543;lo;0;0;
2020-05-12 21:14:02,077;mon_network;eth0;12300;13543;lo;0;0;
2020-05-12 21:14:02,184;mon_network;eth0;12300;13543;lo;0;0;
2020-05-12 21:14:02,288;mon_network;eth0;12300;13543;lo;0;0;
2020-05-12 21:14:02,398;mon_network;eth0;12300;13543;lo;0;0;
2020-05-12 21:14:02,504;mon_network;eth0;12300;13543;lo;0;0;
2020-05-12 21:14:02,610;mon_network;eth0;12300;13543;lo;0;0;
2020-05-12 21:14:02,715;mon_network;eth0;12300;13543;lo;0;0;
2020-05-12 21:14:02,820;mon_network;eth0;12300;13543;lo;0;0;
2020-05-12 21:14:02,926;mon_network;eth0;12300;13543;lo;0;0;
2020-05-12 21:14:03,036;mon_network;eth0;12300;13543;lo;0;0;
2020-05-12 21:14:03,142;mon_network;eth0;12300;13543;lo;0;0;
2020-05-12 21:14:03,250;mon_network;eth0;12300;13543;lo;0;0;
2020-05-12 21:14:03,357;mon_network;eth0;12300;13543;lo;0;0;
2020-05-12 21:14:03,468;mon_network;eth0;12300;13543;lo;0;0;
2020-05-12 21:14:03,572;mon_network;eth0;12300;13543;lo;0;0;
2020-05-12 21:14:03,676;mon_network;eth0;12300;13543;lo;0;0;
2020-05-12 21:14:03,783;mon_network;eth0;12300;13543;lo;0;0;
2020-05-12 21:14:03,893;mon_network;eth0;12300;13543;lo;0;0;
2020-05-12 21:14:03,999;mon_network;eth0;12300;13543;lo;0;0;
2020-05-12 21:14:04,111;mon_network;eth0;12300;13543;lo;0;0;
2020-05-12 21:14:04,216;mon_network;eth0;12300;13543;lo;0;0;
2020-05-12 21:14:04,323;mon_network;eth0;12300;13543;lo;0;0;
2020-05-12 21:14:04,435;mon_network;eth0;12300;13543;lo;0;0;
2020-05-12 21:14:04,545;mon_network;eth0;12300;13543;lo;0;0;
2020-05-12 21:14:04,652;mon_network;eth0;12300;13543;lo;0;0;
2020-05-12 21:14:04,757;mon_network;eth0;12300;13543;lo;0;0;
2020-05-12 21:14:04,863;mon_network;eth0;12300;13543;lo;0;0;
2020-05-12 21:14:04,971;mon_network;eth0;12300;13543;lo;0;0;
2020-05-12 21:14:05,080;mon_network;eth0;12300;13543;lo;0;0;
2020-05-12 21:14:05,189;mon_network;eth0;12300;13543;lo;0;0;
2020-05-12 21:14:05,297;mon_network;eth0;12300;13543;lo;0;0;
2020-05-12 21:14:05,405;mon_network;eth0;12300;13543;lo;0;0;
2020-05-12 21:14:05,513;mon_network;eth0;12300;13543;lo;0;0;
2020-05-12 21:14:05,622;mon_network;eth0;12300;13543;lo;0;0;
2020-05-12 21:14:05,729;mon_network;eth0;12300;13543;lo;0;0;
2020-05-12 21:14:05,833;mon_network;eth0;12300;13543;lo;0;0;
2020-05-12 21:14:05,944;mon_network;eth0;12300;13543;lo;0;0;
2020-05-12 21:14:06,051;mon_network;eth0;12300;13543;lo;0;0;
2020-05-12 21:14:06,157;mon_network;eth0;12300;13543;lo;0;0;
2020-05-12 21:14:06,266;mon_network;eth0;12300;13543;lo;0;0;
2020-05-12 21:14:06,375;mon_network;eth0;12300;13543;lo;0;0;
2020-05-12 21:14:06,483;mon_network;eth0;12300;13543;lo;0;0;
2020-05-12 21:14:06,592;mon_network;eth0;12300;13543;lo;0;0;
2020-05-12 21:14:06,703;mon_network;eth0;12300;13543;lo;0;0;
2020-05-12 21:14:06,812;mon_network;eth0;12300;13543;lo;0;0;
2020-05-12 21:14:06,921;mon_network;eth0;12300;13543;lo;0;0;
2020-05-12 21:14:07,030;mon_network;eth0;12300;13543;lo;0;0;
2020-05-12 21:14:07,137;mon_network;eth0;12300;13543;lo;0;0;
2020-05-12 21:14:07,244;mon_network;eth0;12300;13543;lo;0;0;
2020-05-12 21:14:07,352;mon_network;eth0;12300;13543;lo;0;0;
2020-05-12 21:14:07,460;mon_network;eth0;12300;13543;lo;0;0;
2020-05-12 21:14:07,567;mon_network;eth0;12300;13543;lo;0;0;
2020-05-12 21:14:07,675;mon_network;eth0;12300;13543;lo;0;0;
2020-05-12 21:14:07,789;mon_network;eth0;12300;13543;lo;0;0;
2020-05-12 21:14:07,896;mon_network;eth0;12300;13543;lo;0;0;
2020-05-12 21:14:08,004;mon_network;eth0;12300;13543;lo;0;0;
2020-05-12 21:14:08,109;mon_network;eth0;12300;13543;lo;0;0;
2020-05-12 21:14:08,213;mon_network;eth0;12300;13543;lo;0;0;
2020-05-12 21:14:08,319;mon_network;eth0;12300;13543;lo;0;0;
2020-05-12 21:14:08,428;mon_network;eth0;12300;13543;lo;0;0;
2020-05-12 21:14:08,532;mon_network;eth0;12300;13543;lo;0;0;
2020-05-12 21:14:08,642;mon_network;eth0;12300;13543;lo;0;0;
2020-05-12 21:14:08,748;mon_network;eth0;12300;13543;lo;0;0;
2020-05-12 21:14:08,855;mon_network;eth0;12300;13543;lo;0;0;
2020-05-12 21:14:08,964;mon_network;eth0;12300;13543;lo;0;0;
2020-05-12 21:14:09,072;mon_network;eth0;12300;13543;lo;0;0;
2020-05-12 21:14:09,179;mon_network;eth0;12300;13543;lo;0;0;
2020-05-12 21:14:09,289;mon_network;eth0;12300;13543;lo;0;0;
2020-05-12 21:14:09,393;mon_network;eth0;12300;13543;lo;0;0;
2020-05-12 21:14:09,497;mon_network;eth0;12300;13543;lo;0;0;
2020-05-12 21:14:09,609;mon_network;eth0;12300;13543;lo;0;0;
2020-05-12 21:14:09,727;mon_network;eth0;12300;13543;lo;0;0;
2020-05-12 21:14:09,836;mon_network;eth0;12300;13543;lo;0;0;
2020-05-12 21:14:09,942;mon_network;eth0;12300;13543;lo;0;0;
2020-05-12 21:14:10,058;mon_network;eth0;12300;13543;lo;0;0;
2020-05-12 21:14:10,168;mon_network;eth0;12300;13543;lo;0;0;
2020-05-12 21:14:10,277;mon_network;eth0;12300;13543;lo;0;0;
2020-05-12 21:14:10,387;mon_network;eth0;12300;13543;lo;0;0;
2020-05-12 21:14:10,495;mon_network;eth0;12300;13543;lo;0;0;
2020-05-12 21:14:10,603;mon_network;eth0;12300;13543;lo;0;0;
2020-05-12 21:14:10,710;mon_network;eth0;12300;13543;lo;0;0;
2020-05-12 21:14:10,818;mon_network;eth0;12300;13543;lo;0;0;
2020-05-12 21:14:10,933;mon_network;eth0;12300;13543;lo;0;0;
2020-05-12 21:14:11,043;mon_network;eth0;12300;13543;lo;0;0;
2020-05-12 21:14:11,156;mon_network;eth0;12300;13543;lo;0;0;
2020-05-12 21:14:11,263;mon_network;eth0;12300;13543;lo;0;0;
2020-05-12 21:14:11,369;mon_network;eth0;12300;13543;lo;0;0;
2020-05-12 21:14:11,474;mon_network;eth0;12300;13543;lo;0;0;
2020-05-12 21:14:11,586;mon_network;eth0;12300;13543;lo;0;0;
2020-05-12 21:14:11,714;mon_network;eth0;12300;13543;lo;0;0;
2020-05-12 21:14:11,821;mon_network;eth0;12300;13543;lo;0;0;
2020-05-12 21:14:11,924;mon_network;eth0;12300;13543;lo;0;0;
2020-05-12 21:14:12,029;mon_network;eth0;12300;13543;lo;0;0;
2020-05-12 21:14:12,134;mon_network;eth0;12300;13543;lo;0;0;
2020-05-12 21:14:12,241;mon_network;eth0;12300;13543;lo;0;0;
2020-05-12 21:14:12,349;mon_network;eth0;12300;13543;lo;0;0;
2020-05-12 21:14:12,456;mon_network;eth0;12300;13543;lo;0;0;
2020-05-12 21:14:12,564;mon_network;eth0;12300;13543;lo;0;0;
2020-05-12 21:14:12,674;mon_network;eth0;12300;13543;lo;0;0;
2020-05-12 21:14:12,782;mon_network;eth0;12300;13543;lo;0;0;
2020-05-12 21:14:12,890;mon_network;eth0;12300;13543;lo;0;0;
2020-05-12 21:14:12,999;mon_network;eth0;12300;13543;lo;0;0;
2020-05-12 21:14:13,106;mon_network;eth0;12300;13543;lo;0;0;
2020-05-12 21:14:13,213;mon_network;eth0;12300;13543;lo;0;0;
2020-05-12 21:14:13,321;mon_network;eth0;12300;13543;lo;0;0;
2020-05-12 21:14:13,430;mon_network;eth0;12300;13543;lo;0;0;
2020-05-12 21:14:13,541;mon_network;eth0;12300;13543;lo;0;0;
2020-05-12 21:14:13,648;mon_network;eth0;12300;13543;lo;0;0;
2020-05-12 21:14:13,751;mon_network;eth0;12300;13543;lo;0;0;
2020-05-12 21:14:13,860;mon_network;eth0;12300;13543;lo;0;0;
2020-05-12 21:14:13,965;mon_network;eth0;12300;13543;lo;0;0;
2020-05-12 21:14:14,073;mon_network;eth0;12300;13543;lo;0;0;
2020-05-12 21:14:14,182;mon_network;eth0;12300;13543;lo;0;0;
2020-05-12 21:14:14,289;mon_network;eth0;12300;13543;lo;0;0;
2020-05-12 21:14:14,398;mon_network;eth0;12300;13543;lo;0;0;
2020-05-12 21:14:14,508;mon_network;eth0;12300;13543;lo;0;0;
2020-05-12 21:14:14,618;mon_network;eth0;12300;13543;lo;0;0;
2020-05-12 21:14:14,725;mon_network;eth0;12300;13543;lo;0;0;
2020-05-12 21:14:14,832;mon_network;eth0;12300;13543;lo;0;0;
2020-05-12 21:14:14,940;mon_network;eth0;12300;13543;lo;0;0;
2020-05-12 21:14:15,048;mon_network;eth0;12300;13543;lo;0;0;
2020-05-12 21:14:15,158;mon_network;eth0;12300;13543;lo;0;0;
2020-05-12 21:14:15,266;mon_network;eth0;12300;13543;lo;0;0;
2020-05-12 21:14:15,376;mon_network;eth0;12300;13543;lo;0;0;
2020-05-12 21:14:15,484;mon_network;eth0;12300;13543;lo;0;0;
2020-05-12 21:14:15,590;mon_network;eth0;12300;13543;lo;0;0;
2020-05-12 21:14:15,700;mon_network;eth0;12300;13543;lo;0;0;
2020-05-12 21:14:15,804;mon_network;eth0;12300;13543;lo;0;0;
2020-05-12 21:14:15,910;mon_network;eth0;12300;13543;lo;0;0;
2020-05-12 21:14:16,019;mon_network;eth0;12300;13543;lo;0;0;
2020-05-12 21:14:16,128;mon_network;eth0;12300;13543;lo;0;0;
2020-05-12 21:14:16,235;mon_network;eth0;12300;13543;lo;0;0;
2020-05-12 21:14:16,343;mon_network;eth0;12300;13543;lo;0;0;
2020-05-12 21:14:16,454;mon_network;eth0;12300;13543;lo;0;0;
2020-05-12 21:14:16,562;mon_network;eth0;12300;13543;lo;0;0;
2020-05-12 21:14:16,671;mon_network;eth0;12300;13543;lo;0;0;
2020-05-12 21:14:16,782;mon_network;eth0;12300;13543;lo;0;0;
2020-05-12 21:14:16,891;mon_network;eth0;12300;13543;lo;0;0;
2020-05-12 21:14:16,999;mon_network;eth0;12300;13543;lo;0;0;
2020-05-12 21:14:17,106;mon_network;eth0;12300;13543;lo;0;0;
2020-05-12 21:14:17,215;mon_network;eth0;12300;13543;lo;0;0;
2020-05-12 21:14:17,324;mon_network;eth0;12300;13543;lo;0;0;
2020-05-12 21:14:17,432;mon_network;eth0;12300;13543;lo;0;0;
2020-05-12 21:14:17,541;mon_network;eth0;12300;13543;lo;0;0;
2020-05-12 21:14:17,647;mon_network;eth0;12300;13543;lo;0;0;
2020-05-12 21:14:17,753;mon_network;eth0;12300;13543;lo;0;0;
2020-05-12 21:14:17,862;mon_network;eth0;12300;13543;lo;0;0;
2020-05-12 21:14:17,967;mon_network;eth0;12300;13543;lo;0;0;
2020-05-12 21:14:18,075;mon_network;eth0;12300;13543;lo;0;0;
2020-05-12 21:14:18,202;mon_network;eth0;12300;13543;lo;0;0;
2020-05-12 21:14:18,308;mon_network;eth0;12300;13543;lo;0;0;
2020-05-12 21:14:18,415;mon_network;eth0;12300;13543;lo;0;0;
2020-05-12 21:14:18,522;mon_network;eth0;12300;13543;lo;0;0;
2020-05-12 21:14:18,632;mon_network;eth0;12300;13543;lo;0;0;
2020-05-12 21:14:18,742;mon_network;eth0;12300;13543;lo;0;0;
2020-05-12 21:14:18,852;mon_network;eth0;12300;13543;lo;0;0;
2020-05-12 21:14:18,957;mon_network;eth0;12300;13543;lo;0;0;
2020-05-12 21:14:19,063;mon_network;eth0;12300;13543;lo;0;0;
2020-05-12 21:14:19,171;mon_network;eth0;12300;13543;lo;0;0;
2020-05-12 21:14:19,280;mon_network;eth0;12300;13543;lo;0;0;
2020-05-12 21:14:19,386;mon_network;eth0;12300;13543;lo;0;0;
2020-05-12 21:14:19,490;mon_network;eth0;12300;13543;lo;0;0;
2020-05-12 21:14:19,597;mon_network;eth0;12300;13543;lo;0;0;
2020-05-12 21:14:19,704;mon_network;eth0;12300;13543;lo;0;0;
2020-05-12 21:14:19,813;mon_network;eth0;12300;13543;lo;0;0;
2020-05-12 21:14:19,917;mon_network;eth0;12300;13543;lo;0;0;
2020-05-12 21:14:20,022;mon_network;eth0;12300;13543;lo;0;0;
2020-05-12 21:14:20,129;mon_network;eth0;12300;13543;lo;0;0;
2020-05-12 21:14:20,237;mon_network;eth0;12300;13543;lo;0;0;
2020-05-12 21:14:20,344;mon_network;eth0;12300;13543;lo;0;0;
2020-05-12 21:14:20,453;mon_network;eth0;12300;13543;lo;0;0;
2020-05-12 21:14:20,560;mon_network;eth0;12300;13543;lo;0;0;
2020-05-12 21:14:20,668;mon_network;eth0;12300;13543;lo;0;0;
2020-05-12 21:14:20,781;mon_network;eth0;12300;13543;lo;0;0;
2020-05-12 21:14:20,885;mon_network;eth0;12300;13543;lo;0;0;
2020-05-12 21:14:20,993;mon_network;eth0;12300;13543;lo;0;0;
2020-05-12 21:14:21,101;mon_network;eth0;12300;13543;lo;0;0;
2020-05-12 21:14:21,208;mon_network;eth0;12300;13543;lo;0;0;
2020-05-12 21:14:21,320;mon_network;eth0;12300;13543;lo;0;0;
2020-05-12 21:14:21,428;mon_network;eth0;12300;13543;lo;0;0;
2020-05-12 21:14:21,536;mon_network;eth0;12300;13543;lo;0;0;
2020-05-12 21:14:21,643;mon_network;eth0;12300;13543;lo;0;0;
2020-05-12 21:14:21,746;mon_network;eth0;12300;13543;lo;0;0;
2020-05-12 21:14:21,856;mon_network;eth0;12300;13543;lo;0;0;
2020-05-12 21:14:21,960;mon_network;eth0;12300;13543;lo;0;0;
2020-05-12 21:14:22,068;mon_network;eth0;12300;13543;lo;0;0;
2020-05-12 21:14:22,175;mon_network;eth0;12300;13543;lo;0;0;
2020-05-12 21:14:22,286;mon_network;eth0;12300;13543;lo;0;0;
2020-05-12 21:14:22,394;mon_network;eth0;12300;13543;lo;0;0;
2020-05-12 21:14:22,503;mon_network;eth0;12300;13543;lo;0;0;
2020-05-12 21:14:22,611;mon_network;eth0;12300;13543;lo;0;0;
2020-05-12 21:14:22,719;mon_network;eth0;12300;13543;lo;0;0;
2020-05-12 21:14:22,825;mon_network;eth0;12300;13543;lo;0;0;
2020-05-12 21:14:22,934;mon_network;eth0;12300;13543;lo;0;0;
2020-05-12 21:14:23,043;mon_network;eth0;12300;13543;lo;0;0;
2020-05-12 21:14:23,150;mon_network;eth0;12300;13543;lo;0;0;
2020-05-12 21:14:23,263;mon_network;eth0;12300;13543;lo;0;0;
2020-05-12 21:14:23,375;mon_network;eth0;12300;13543;lo;0;0;
2020-05-12 21:14:23,484;mon_network;eth0;12300;13543;lo;0;0;
2020-05-12 21:14:23,593;mon_network;eth0;12300;13543;lo;0;0;
2020-05-12 21:14:23,703;mon_network;eth0;12300;13543;lo;0;0;
2020-05-12 21:14:23,808;mon_network;eth0;12300;13543;lo;0;0;
2020-05-12 21:14:23,912;mon_network;eth0;12300;13543;lo;0;0;
2020-05-12 21:14:24,019;mon_network;eth0;12300;13543;lo;0;0;
2020-05-12 21:14:24,126;mon_network;eth0;12300;13543;lo;0;0;
2020-05-12 21:14:24,234;mon_network;eth0;12300;13543;lo;0;0;
2020-05-12 21:14:24,344;mon_network;eth0;12300;13543;lo;0;0;
2020-05-12 21:14:24,451;mon_network;eth0;12300;13543;lo;0;0;
2020-05-12 21:14:24,559;mon_network;eth0;12300;13543;lo;0;0;
2020-05-12 21:14:24,666;mon_network;eth0;12300;13543;lo;0;0;
2020-05-12 21:14:24,778;mon_network;eth0;12300;13543;lo;0;0;
2020-05-12 21:14:24,885;mon_network;eth0;12300;13543;lo;0;0;
2020-05-12 21:14:24,992;mon_network;eth0;12300;13543;lo;0;0;
2020-05-12 21:14:25,099;mon_network;eth0;12300;13543;lo;0;0;
2020-05-12 21:14:25,205;mon_network;eth0;12300;13543;lo;0;0;
2020-05-12 21:14:25,309;mon_network;eth0;12300;13543;lo;0;0;
2020-05-12 21:14:25,417;mon_network;eth0;12300;13543;lo;0;0;
2020-05-12 21:14:25,522;mon_network;eth0;12300;13543;lo;0;0;
2020-05-12 21:14:25,626;mon_network;eth0;12300;13543;lo;0;0;
2020-05-12 21:14:25,732;mon_network;eth0;12300;13543;lo;0;0;
2020-05-12 21:14:25,842;mon_network;eth0;12300;13543;lo;0;0;
2020-05-12 21:14:25,946;mon_network;eth0;12300;13543;lo;0;0;
2020-05-12 21:14:26,057;mon_network;eth0;12300;13543;lo;0;0;
2020-05-12 21:14:26,161;mon_network;eth0;12300;13543;lo;0;0;
2020-05-12 21:14:26,269;mon_network;eth0;12300;13543;lo;0;0;
2020-05-12 21:14:26,374;mon_network;eth0;12300;13543;lo;0;0;
2020-05-12 21:14:26,481;mon_network;eth0;12300;13543;lo;0;0;
2020-05-12 21:14:26,588;mon_network;eth0;12300;13543;lo;0;0;
2020-05-12 21:14:26,698;mon_network;eth0;12300;13543;lo;0;0;
2020-05-12 21:14:26,808;mon_network;eth0;12300;13543;lo;0;0;
2020-05-12 21:14:26,917;mon_network;eth0;12300;13543;lo;0;0;
2020-05-12 21:14:27,027;mon_network;eth0;12300;13543;lo;0;0;
2020-05-12 21:14:27,135;mon_network;eth0;12300;13543;lo;0;0;
2020-05-12 21:14:27,247;mon_network;eth0;12300;13543;lo;0;0;
2020-05-12 21:14:27,353;mon_network;eth0;12300;13543;lo;0;0;
2020-05-12 21:14:27,463;mon_network;eth0;12300;13543;lo;0;0;
2020-05-12 21:14:27,575;mon_network;eth0;12300;13543;lo;0;0;
2020-05-12 21:14:27,683;mon_network;eth0;12300;13543;lo;0;0;
2020-05-12 21:14:27,788;mon_network;eth0;12300;13543;lo;0;0;
2020-05-12 21:14:27,894;mon_network;eth0;12300;13543;lo;0;0;
2020-05-12 21:14:28,002;mon_network;eth0;12300;13543;lo;0;0;
2020-05-12 21:14:28,109;mon_network;eth0;12300;13543;lo;0;0;
2020-05-12 21:14:28,217;mon_network;eth0;12300;13543;lo;0;0;
2020-05-12 21:14:28,324;mon_network;eth0;12300;13543;lo;0;0;
2020-05-12 21:14:28,431;mon_network;eth0;12300;13543;lo;0;0;
2020-05-12 21:14:28,541;mon_network;eth0;12300;13543;lo;0;0;
2020-05-12 21:14:28,648;mon_network;eth0;12300;13543;lo;0;0;
2020-05-12 21:14:28,754;mon_network;eth0;12300;13543;lo;0;0;
2020-05-12 21:14:28,858;mon_network;eth0;12300;13543;lo;0;0;
2020-05-12 21:14:28,962;mon_network;eth0;12300;13543;lo;0;0;
2020-05-12 21:14:29,073;mon_network;eth0;12300;13543;lo;0;0;
2020-05-12 21:14:29,181;mon_network;eth0;12300;13543;lo;0;0;
2020-05-12 21:14:29,289;mon_network;eth0;12300;13543;lo;0;0;
2020-05-12 21:14:29,396;mon_network;eth0;12300;13543;lo;0;0;
2020-05-12 21:14:29,504;mon_network;eth0;12300;13543;lo;0;0;
2020-05-12 21:14:29,610;mon_network;eth0;12300;13543;lo;0;0;
2020-05-12 21:14:29,729;mon_network;eth0;12300;13543;lo;0;0;
2020-05-12 21:14:29,833;mon_network;eth0;12300;13543;lo;0;0;
2020-05-12 21:14:29,939;mon_network;eth0;12300;13543;lo;0;0;
2020-05-12 21:14:30,047;mon_network;eth0;12300;13543;lo;0;0;
2020-05-12 21:14:30,156;mon_network;eth0;12300;13543;lo;0;0;
2020-05-12 21:14:30,264;mon_network;eth0;12300;13543;lo;0;0;
2020-05-12 21:14:30,375;mon_network;eth0;12300;13543;lo;0;0;
2020-05-12 21:14:30,480;mon_network;eth0;12300;13543;lo;0;0;
2020-05-12 21:14:30,584;mon_network;eth0;12300;13543;lo;0;0;
2020-05-12 21:14:30,692;mon_network;eth0;12300;13543;lo;0;0;
2020-05-12 21:14:30,799;mon_network;eth0;12300;13543;lo;0;0;
2020-05-12 21:14:30,905;mon_network;eth0;12300;13543;lo;0;0;
2020-05-12 21:14:31,015;mon_network;eth0;12300;13543;lo;0;0;
2020-05-12 21:14:31,123;mon_network;eth0;12300;13543;lo;0;0;
2020-05-12 21:14:31,238;mon_network;eth0;12300;13543;lo;0;0;
2020-05-12 21:14:31,344;mon_network;eth0;12300;13543;lo;0;0;
2020-05-12 21:14:31,462;mon_network;eth0;12300;13543;lo;0;0;
2020-05-12 21:14:31,575;mon_network;eth0;12300;13543;lo;0;0;
2020-05-12 21:14:31,680;mon_network;eth0;12300;13543;lo;0;0;
2020-05-12 21:14:31,793;mon_network;eth0;12300;13543;lo;0;0;
2020-05-12 21:14:31,898;mon_network;eth0;12300;13543;lo;0;0;
2020-05-12 21:14:32,003;mon_network;eth0;12300;13543;lo;0;0;
2020-05-12 21:14:32,112;mon_network;eth0;12300;13543;lo;0;0;
2020-05-12 21:14:32,221;mon_network;eth0;12300;13543;lo;0;0;
2020-05-12 21:14:32,328;mon_network;eth0;12300;13543;lo;0;0;
2020-05-12 21:14:32,439;mon_network;eth0;12300;13543;lo;0;0;
2020-05-12 21:14:32,552;mon_network;eth0;12300;13543;lo;0;0;
2020-05-12 21:14:32,658;mon_network;eth0;12300;13543;lo;0;0;
2020-05-12 21:14:32,780;mon_network;eth0;12300;13543;lo;0;0;
2020-05-12 21:14:32,888;mon_network;eth0;12300;13543;lo;0;0;
2020-05-12 21:14:32,996;mon_network;eth0;12300;13543;lo;0;0;
2020-05-12 21:14:33,103;mon_network;eth0;12300;13543;lo;0;0;
2020-05-12 21:14:33,207;mon_network;eth0;12300;13543;lo;0;0;
2020-05-12 21:14:33,312;mon_network;eth0;12300;13543;lo;0;0;
2020-05-12 21:14:33,420;mon_network;eth0;12300;13543;lo;0;0;
2020-05-12 21:14:33,527;mon_network;eth0;12300;13543;lo;0;0;
2020-05-12 21:14:33,634;mon_network;eth0;12300;13543;lo;0;0;
2020-05-12 21:14:33,740;mon_network;eth0;12300;13543;lo;0;0;
2020-05-12 21:14:33,847;mon_network;eth0;12300;13543;lo;0;0;
2020-05-12 21:14:33,954;mon_network;eth0;12300;13543;lo;0;0;
2020-05-12 21:14:34,065;mon_network;eth0;12300;13543;lo;0;0;
2020-05-12 21:14:34,172;mon_network;eth0;12300;13543;lo;0;0;
2020-05-12 21:14:34,279;mon_network;eth0;12300;13543;lo;0;0;
2020-05-12 21:14:34,388;mon_network;eth0;12300;13543;lo;0;0;
2020-05-12 21:14:34,501;mon_network;eth0;12300;13543;lo;0;0;
2020-05-12 21:14:34,605;mon_network;eth0;12300;13543;lo;0;0;
2020-05-12 21:14:34,717;mon_network;eth0;12300;13543;lo;0;0;
2020-05-12 21:14:34,826;mon_network;eth0;12300;13543;lo;0;0;
2020-05-12 21:14:34,936;mon_network;eth0;12300;13543;lo;0;0;
2020-05-12 21:14:35,043;mon_network;eth0;12300;13543;lo;0;0;
2020-05-12 21:14:35,151;mon_network;eth0;12300;13543;lo;0;0;
2020-05-12 21:14:35,269;mon_network;eth0;12300;13543;lo;0;0;
2020-05-12 21:14:35,376;mon_network;eth0;12300;13543;lo;0;0;
2020-05-12 21:14:35,485;mon_network;eth0;12300;13543;lo;0;0;
2020-05-12 21:14:35,592;mon_network;eth0;12300;13543;lo;0;0;
2020-05-12 21:14:35,704;mon_network;eth0;12300;13543;lo;0;0;
2020-05-12 21:14:35,807;mon_network;eth0;12300;13543;lo;0;0;
2020-05-12 21:14:35,911;mon_network;eth0;12300;13543;lo;0;0;
2020-05-12 21:14:36,016;mon_network;eth0;12300;13543;lo;0;0;
2020-05-12 21:14:36,122;mon_network;eth0;12300;13543;lo;0;0;
2020-05-12 21:14:36,226;mon_network;eth0;12300;13543;lo;0;0;
2020-05-12 21:14:36,332;mon_network;eth0;12300;13543;lo;0;0;
2020-05-12 21:14:36,442;mon_network;eth0;12300;13543;lo;0;0;
2020-05-12 21:14:36,550;mon_network;eth0;12300;13543;lo;0;0;
2020-05-12 21:14:36,658;mon_network;eth0;12300;13543;lo;0;0;
2020-05-12 21:14:36,764;mon_network;eth0;12300;13543;lo;0;0;
2020-05-12 21:14:36,872;mon_network;eth0;12300;13543;lo;0;0;
2020-05-12 21:14:36,982;mon_network;eth0;12300;13543;lo;0;0;
2020-05-12 21:14:37,092;mon_network;eth0;12300;13543;lo;0;0;
2020-05-12 21:14:37,201;mon_network;eth0;12300;13543;lo;0;0;
2020-05-12 21:14:37,307;mon_network;eth0;12300;13543;lo;0;0;
2020-05-12 21:14:37,421;mon_network;eth0;12300;13543;lo;0;0;
2020-05-12 21:14:37,535;mon_network;eth0;12300;13543;lo;0;0;
2020-05-12 21:14:37,648;mon_network;eth0;12300;13543;lo;0;0;
2020-05-12 21:14:37,756;mon_network;eth0;12300;13543;lo;0;0;
2020-05-12 21:14:37,865;mon_network;eth0;12300;13543;lo;0;0;
2020-05-12 21:14:37,974;mon_network;eth0;12300;13543;lo;0;0;
2020-05-12 21:14:38,080;mon_network;eth0;12300;13543;lo;0;0;
2020-05-12 21:14:38,190;mon_network;eth0;12300;13543;lo;0;0;
2020-05-12 21:14:38,298;mon_network;eth0;12300;13543;lo;0;0;
2020-05-12 21:14:38,405;mon_network;eth0;12300;13543;lo;0;0;
2020-05-12 21:14:38,512;mon_network;eth0;12300;13543;lo;0;0;
2020-05-12 21:14:38,619;mon_network;eth0;12301;13543;lo;0;0;
2020-05-12 21:14:38,729;mon_network;eth0;12301;13543;lo;0;0;
2020-05-12 21:14:38,837;mon_network;eth0;12301;13543;lo;0;0;
2020-05-12 21:14:38,945;mon_network;eth0;12301;13543;lo;0;0;
2020-05-12 21:14:39,052;mon_network;eth0;12301;13543;lo;0;0;
2020-05-12 21:14:39,162;mon_network;eth0;12301;13543;lo;0;0;
2020-05-12 21:14:39,271;mon_network;eth0;12301;13543;lo;0;0;
2020-05-12 21:14:39,378;mon_network;eth0;12301;13543;lo;0;0;
2020-05-12 21:14:39,486;mon_network;eth0;12301;13543;lo;0;0;
2020-05-12 21:14:39,593;mon_network;eth0;12302;13543;lo;0;0;
2020-05-12 21:14:39,712;mon_network;eth0;12302;13543;lo;0;0;
2020-05-12 21:14:39,819;mon_network;eth0;12302;13543;lo;0;0;
2020-05-12 21:14:39,923;mon_network;eth0;12302;13543;lo;0;0;
2020-05-12 21:14:40,030;mon_network;eth0;12302;13543;lo;0;0;
2020-05-12 21:14:40,137;mon_network;eth0;12302;13543;lo;0;0;
2020-05-12 21:14:40,246;mon_network;eth0;12302;13543;lo;0;0;
2020-05-12 21:14:40,353;mon_network;eth0;12302;13543;lo;0;0;
2020-05-12 21:14:40,462;mon_network;eth0;12302;13543;lo;0;0;
2020-05-12 21:14:40,568;mon_network;eth0;12303;13543;lo;0;0;
2020-05-12 21:14:40,677;mon_network;eth0;12303;13543;lo;0;0;
2020-05-12 21:14:40,785;mon_network;eth0;12303;13543;lo;0;0;
2020-05-12 21:14:40,892;mon_network;eth0;12303;13543;lo;0;0;
2020-05-12 21:14:40,999;mon_network;eth0;12303;13543;lo;0;0;
2020-05-12 21:14:41,109;mon_network;eth0;12303;13543;lo;0;0;
2020-05-12 21:14:41,217;mon_network;eth0;12303;13543;lo;0;0;
2020-05-12 21:14:41,325;mon_network;eth0;12303;13543;lo;0;0;
2020-05-12 21:14:41,433;mon_network;eth0;12303;13543;lo;0;0;
2020-05-12 21:14:41,540;mon_network;eth0;12304;13543;lo;0;0;
2020-05-12 21:14:41,648;mon_network;eth0;12304;13543;lo;0;0;
2020-05-12 21:14:41,754;mon_network;eth0;12304;13543;lo;0;0;
2020-05-12 21:14:41,858;mon_network;eth0;12304;13543;lo;0;0;
2020-05-12 21:14:41,961;mon_network;eth0;12304;13543;lo;0;0;
2020-05-12 21:14:42,069;mon_network;eth0;12304;13543;lo;0;0;
2020-05-12 21:14:42,177;mon_network;eth0;12304;13543;lo;0;0;
2020-05-12 21:14:42,287;mon_network;eth0;12304;13543;lo;0;0;
2020-05-12 21:14:42,394;mon_network;eth0;12304;13543;lo;0;0;
2020-05-12 21:14:42,501;mon_network;eth0;12304;13543;lo;0;0;
2020-05-12 21:14:42,608;mon_network;eth0;12304;13543;lo;0;0;
2020-05-12 21:14:42,716;mon_network;eth0;12304;13543;lo;0;0;
2020-05-12 21:14:42,823;mon_network;eth0;12304;13543;lo;0;0;
2020-05-12 21:14:42,931;mon_network;eth0;12304;13543;lo;0;0;
2020-05-12 21:14:43,038;mon_network;eth0;12304;13543;lo;0;0;
2020-05-12 21:14:43,146;mon_network;eth0;12304;13543;lo;0;0;
2020-05-12 21:14:43,258;mon_network;eth0;12304;13543;lo;0;0;
2020-05-12 21:14:43,365;mon_network;eth0;12304;13543;lo;0;0;
2020-05-12 21:14:43,472;mon_network;eth0;12304;13543;lo;0;0;
2020-05-12 21:14:43,581;mon_network;eth0;12304;13543;lo;0;0;
2020-05-12 21:14:43,690;mon_network;eth0;12304;13543;lo;0;0;
2020-05-12 21:14:43,800;mon_network;eth0;12304;13543;lo;0;0;
2020-05-12 21:14:43,905;mon_network;eth0;12304;13543;lo;0;0;
2020-05-12 21:14:44,012;mon_network;eth0;12304;13543;lo;0;0;
2020-05-12 21:14:44,118;mon_network;eth0;12304;13543;lo;0;0;
2020-05-12 21:14:44,225;mon_network;eth0;12304;13543;lo;0;0;
2020-05-12 21:14:44,336;mon_network;eth0;12304;13543;lo;0;0;
2020-05-12 21:14:44,443;mon_network;eth0;12304;13543;lo;0;0;
2020-05-12 21:14:44,551;mon_network;eth0;12304;13543;lo;0;0;
2020-05-12 21:14:44,657;mon_network;eth0;12304;13543;lo;0;0;
2020-05-12 21:14:44,764;mon_network;eth0;12304;13543;lo;0;0;
2020-05-12 21:14:44,870;mon_network;eth0;12304;13543;lo;0;0;
2020-05-12 21:14:44,978;mon_network;eth0;12304;13543;lo;0;0;
2020-05-12 21:14:45,090;mon_network;eth0;12304;13543;lo;0;0;
2020-05-12 21:14:45,199;mon_network;eth0;12304;13543;lo;0;0;
2020-05-12 21:14:45,306;mon_network;eth0;12304;13543;lo;0;0;
2020-05-12 21:14:45,413;mon_network;eth0;12304;13543;lo;0;0;
2020-05-12 21:14:45,522;mon_network;eth0;12304;13543;lo;0;0;
2020-05-12 21:14:45,630;mon_network;eth0;12304;13543;lo;0;0;
2020-05-12 21:14:45,738;mon_network;eth0;12304;13543;lo;0;0;
2020-05-12 21:14:45,843;mon_network;eth0;12304;13543;lo;0;0;
2020-05-12 21:14:45,948;mon_network;eth0;12304;13543;lo;0;0;
2020-05-12 21:14:46,057;mon_network;eth0;12304;13543;lo;0;0;
2020-05-12 21:14:46,164;mon_network;eth0;12304;13543;lo;0;0;
2020-05-12 21:14:46,272;mon_network;eth0;12304;13543;lo;0;0;
2020-05-12 21:14:46,381;mon_network;eth0;12304;13543;lo;0;0;
2020-05-12 21:14:46,491;mon_network;eth0;12304;13543;lo;0;0;
2020-05-12 21:14:46,601;mon_network;eth0;12304;13543;lo;0;0;
2020-05-12 21:14:46,708;mon_network;eth0;12304;13543;lo;0;0;
2020-05-12 21:14:46,818;mon_network;eth0;12304;13543;lo;0;0;
2020-05-12 21:14:46,927;mon_network;eth0;12304;13543;lo;0;0;
2020-05-12 21:14:47,034;mon_network;eth0;12304;13543;lo;0;0;
2020-05-12 21:14:47,138;mon_network;eth0;12304;13543;lo;0;0;
2020-05-12 21:14:47,243;mon_network;eth0;12304;13543;lo;0;0;
2020-05-12 21:14:47,348;mon_network;eth0;12304;13543;lo;0;0;
2020-05-12 21:14:47,453;mon_network;eth0;12304;13543;lo;0;0;
2020-05-12 21:14:47,557;mon_network;eth0;12304;13543;lo;0;0;
2020-05-12 21:14:47,666;mon_network;eth0;12304;13543;lo;0;0;
2020-05-12 21:14:47,777;mon_network;eth0;12304;13543;lo;0;0;
2020-05-12 21:14:47,882;mon_network;eth0;12304;13543;lo;0;0;
2020-05-12 21:14:47,987;mon_network;eth0;12304;13543;lo;0;0;
2020-05-12 21:14:48,093;mon_network;eth0;12304;13543;lo;0;0;
2020-05-12 21:14:48,201;mon_network;eth0;12304;13543;lo;0;0;
2020-05-12 21:14:48,307;mon_network;eth0;12304;13543;lo;0;0;
2020-05-12 21:14:48,411;mon_network;eth0;12304;13543;lo;0;0;
2020-05-12 21:14:48,518;mon_network;eth0;12304;13543;lo;0;0;
2020-05-12 21:14:48,625;mon_network;eth0;12304;13543;lo;0;0;
2020-05-12 21:14:48,733;mon_network;eth0;12304;13543;lo;0;0;
2020-05-12 21:14:48,837;mon_network;eth0;12304;13543;lo;0;0;
2020-05-12 21:14:48,945;mon_network;eth0;12304;13543;lo;0;0;
2020-05-12 21:14:49,049;mon_network;eth0;12304;13543;lo;0;0;
2020-05-12 21:14:49,155;mon_network;eth0;12304;13543;lo;0;0;
2020-05-12 21:14:49,261;mon_network;eth0;12304;13543;lo;0;0;
2020-05-12 21:14:49,367;mon_network;eth0;12304;13543;lo;0;0;
2020-05-12 21:14:49,471;mon_network;eth0;12304;13543;lo;0;0;
2020-05-12 21:14:49,575;mon_network;eth0;12304;13543;lo;0;0;
2020-05-12 21:14:49,680;mon_network;eth0;12304;13543;lo;0;0;
2020-05-12 21:14:49,788;mon_network;eth0;12304;13543;lo;0;0;
2020-05-12 21:14:49,894;mon_network;eth0;12304;13543;lo;0;0;
2020-05-12 21:14:49,999;mon_network;eth0;12304;13543;lo;0;0;
2020-05-12 21:14:50,105;mon_network;eth0;12304;13543;lo;0;0;
2020-05-12 21:14:50,217;mon_network;eth0;12304;13543;lo;0;0;
2020-05-12 21:14:50,325;mon_network;eth0;12304;13543;lo;0;0;
2020-05-12 21:14:50,434;mon_network;eth0;12304;13543;lo;0;0;
2020-05-12 21:14:50,546;mon_network;eth0;12304;13543;lo;0;0;
2020-05-12 21:14:50,657;mon_network;eth0;12304;13543;lo;0;0;
2020-05-12 21:14:50,779;mon_network;eth0;12304;13543;lo;0;0;
2020-05-12 21:14:50,888;mon_network;eth0;12304;13543;lo;0;0;
2020-05-12 21:14:51,004;mon_network;eth0;12304;13543;lo;0;0;
2020-05-12 21:14:51,117;mon_network;eth0;12304;13543;lo;0;0;
2020-05-12 21:14:51,232;mon_network;eth0;12304;13543;lo;0;0;
2020-05-12 21:14:51,343;mon_network;eth0;12304;13543;lo;0;0;
2020-05-12 21:14:51,456;mon_network;eth0;12304;13543;lo;0;0;
2020-05-12 21:14:51,565;mon_network;eth0;12304;13543;lo;0;0;
2020-05-12 21:14:51,679;mon_network;eth0;12304;13543;lo;0;0;
2020-05-12 21:14:51,791;mon_network;eth0;12304;13543;lo;0;0;
2020-05-12 21:14:51,897;mon_network;eth0;12304;13543;lo;0;0;
2020-05-12 21:14:52,001;mon_network;eth0;12304;13543;lo;0;0;
2020-05-12 21:14:52,105;mon_network;eth0;12304;13543;lo;0;0;
2020-05-12 21:14:52,216;mon_network;eth0;12304;13543;lo;0;0;
2020-05-12 21:14:52,325;mon_network;eth0;12304;13543;lo;0;0;
2020-05-12 21:14:52,445;mon_network;eth0;12304;13543;lo;0;0;
2020-05-12 21:14:52,553;mon_network;eth0;12304;13543;lo;0;0;
2020-05-12 21:14:52,657;mon_network;eth0;12304;13543;lo;0;0;
2020-05-12 21:14:52,763;mon_network;eth0;12304;13543;lo;0;0;
2020-05-12 21:14:52,868;mon_network;eth0;12304;13543;lo;0;0;
2020-05-12 21:14:52,974;mon_network;eth0;12304;13543;lo;0;0;
2020-05-12 21:14:53,085;mon_network;eth0;12304;13543;lo;0;0;
2020-05-12 21:14:53,189;mon_network;eth0;12304;13543;lo;0;0;
2020-05-12 21:14:53,298;mon_network;eth0;12304;13543;lo;0;0;
2020-05-12 21:14:53,403;mon_network;eth0;12304;13543;lo;0;0;
2020-05-12 21:14:53,509;mon_network;eth0;12304;13543;lo;0;0;
2020-05-12 21:14:53,615;mon_network;eth0;12304;13543;lo;0;0;
2020-05-12 21:14:53,722;mon_network;eth0;12304;13543;lo;0;0;
2020-05-12 21:14:53,826;mon_network;eth0;12304;13543;lo;0;0;
2020-05-12 21:14:53,932;mon_network;eth0;12304;13543;lo;0;0;
2020-05-12 21:14:54,040;mon_network;eth0;12304;13543;lo;0;0;
2020-05-12 21:14:54,146;mon_network;eth0;12304;13543;lo;0;0;
2020-05-12 21:14:54,254;mon_network;eth0;12304;13543;lo;0;0;
2020-05-12 21:14:54,361;mon_network;eth0;12304;13543;lo;0;0;
2020-05-12 21:14:54,469;mon_network;eth0;12304;13543;lo;0;0;
2020-05-12 21:14:54,575;mon_network;eth0;12304;13543;lo;0;0;
2020-05-12 21:14:54,683;mon_network;eth0;12304;13543;lo;0;0;
2020-05-12 21:14:54,800;mon_network;eth0;12326;13564;lo;0;0;
2020-05-12 21:14:54,908;mon_network;eth0;12716;14001;lo;0;0;
2020-05-12 21:14:55,014;mon_network;eth0;13078;14390;lo;0;0;
2020-05-12 21:14:55,128;mon_network;eth0;13322;14657;lo;0;0;
2020-05-12 21:14:55,238;mon_network;eth0;13672;15044;lo;0;0;
2020-05-12 21:14:55,343;mon_network;eth0;14022;15450;lo;0;0;
2020-05-12 21:14:55,447;mon_network;eth0;14377;15836;lo;0;0;
2020-05-12 21:14:55,558;mon_network;eth0;14524;16002;lo;0;0;
2020-05-12 21:14:55,681;mon_network;eth0;14862;16385;lo;0;0;
2020-05-12 21:14:55,800;mon_network;eth0;15292;16861;lo;0;0;
2020-05-12 21:14:55,910;mon_network;eth0;15750;17377;lo;0;0;
2020-05-12 21:14:56,031;mon_network;eth0;16233;17926;lo;0;0;
2020-05-12 21:14:56,142;mon_network;eth0;16832;18590;lo;0;0;
2020-05-12 21:14:56,251;mon_network;eth0;17277;19099;lo;0;0;
2020-05-12 21:14:56,360;mon_network;eth0;17981;19890;lo;0;0;
2020-05-12 21:14:56,480;mon_network;eth0;18843;20862;lo;0;0;
2020-05-12 21:14:56,591;mon_network;eth0;19447;21566;lo;0;0;
2020-05-12 21:14:56,700;mon_network;eth0;20035;22268;lo;0;0;
2020-05-12 21:14:56,805;mon_network;eth0;20396;22696;lo;0;0;
2020-05-12 21:14:56,913;mon_network;eth0;21076;23522;lo;0;0;
2020-05-12 21:14:57,018;mon_network;eth0;21811;24429;lo;0;0;
2020-05-12 21:14:57,123;mon_network;eth0;22457;25204;lo;0;0;
2020-05-12 21:14:57,229;mon_network;eth0;23226;26141;lo;0;0;
2020-05-12 21:14:57,362;mon_network;eth0;24022;27112;lo;0;0;
2020-05-12 21:14:57,481;mon_network;eth0;24892;28188;lo;0;0;
2020-05-12 21:14:57,598;mon_network;eth0;25519;28946;lo;0;0;
2020-05-12 21:14:57,716;mon_network;eth0;26255;29843;lo;0;0;
2020-05-12 21:14:57,827;mon_network;eth0;26812;30538;lo;0;0;
2020-05-12 21:14:57,935;mon_network;eth0;27390;31258;lo;0;0;
2020-05-12 21:14:58,048;mon_network;eth0;27590;31492;lo;0;0;
2020-05-12 21:14:58,172;mon_network;eth0;27929;31938;lo;0;0;
2020-05-12 21:14:58,278;mon_network;eth0;28670;32893;lo;0;0;
2020-05-12 21:14:58,396;mon_network;eth0;29379;33781;lo;0;0;
2020-05-12 21:14:58,506;mon_network;eth0;30146;34743;lo;0;0;
2020-05-12 21:14:58,613;mon_network;eth0;30964;35737;lo;0;0;
2020-05-12 21:14:58,723;mon_network;eth0;31652;36569;lo;0;0;
2020-05-12 21:14:58,834;mon_network;eth0;32165;37187;lo;0;0;
2020-05-12 21:14:58,938;mon_network;eth0;32654;37778;lo;0;0;
2020-05-12 21:14:59,042;mon_network;eth0;33065;38281;lo;0;0;
2020-05-12 21:14:59,150;mon_network;eth0;33730;39048;lo;0;0;
2020-05-12 21:14:59,265;mon_network;eth0;34363;39816;lo;0;0;
2020-05-12 21:14:59,374;mon_network;eth0;34834;40399;lo;0;0;
2020-05-12 21:14:59,495;mon_network;eth0;35157;40816;lo;0;0;
2020-05-12 21:14:59,602;mon_network;eth0;35856;41683;lo;0;0;
2020-05-12 21:14:59,717;mon_network;eth0;36359;42348;lo;0;0;
2020-05-12 21:14:59,821;mon_network;eth0;36633;42685;lo;0;0;
2020-05-12 21:14:59,929;mon_network;eth0;36977;43120;lo;0;0;
2020-05-12 21:15:00,035;mon_network;eth0;37387;43640;lo;0;0;
2020-05-12 21:15:00,144;mon_network;eth0;37820;44191;lo;0;0;
2020-05-12 21:15:00,253;mon_network;eth0;38050;44479;lo;0;0;
2020-05-12 21:15:00,363;mon_network;eth0;38221;44682;lo;0;0;
2020-05-12 21:15:00,470;mon_network;eth0;38309;44785;lo;0;0;
2020-05-12 21:15:00,582;mon_network;eth0;38479;44990;lo;0;0;
2020-05-12 21:15:00,686;mon_network;eth0;38834;45416;lo;0;0;
2020-05-12 21:15:00,792;mon_network;eth0;38994;45617;lo;0;0;
2020-05-12 21:15:00,896;mon_network;eth0;38994;45617;lo;0;0;
2020-05-12 21:15:01,002;mon_network;eth0;38994;45617;lo;0;0;
2020-05-12 21:15:01,112;mon_network;eth0;38994;45617;lo;0;0;
2020-05-12 21:15:01,225;mon_network;eth0;38994;45617;lo;0;0;
2020-05-12 21:15:01,335;mon_network;eth0;38994;45617;lo;0;0;
2020-05-12 21:15:01,441;mon_network;eth0;38994;45617;lo;0;0;
2020-05-12 21:15:01,552;mon_network;eth0;38994;45617;lo;0;0;
2020-05-12 21:15:01,671;mon_network;eth0;38994;45617;lo;0;0;
2020-05-12 21:15:01,786;mon_network;eth0;38994;45617;lo;0;0;
2020-05-12 21:15:01,897;mon_network;eth0;38994;45617;lo;0;0;
2020-05-12 21:15:02,005;mon_network;eth0;38994;45617;lo;0;0;
2020-05-12 21:15:02,112;mon_network;eth0;38994;45617;lo;0;0;
2020-05-12 21:15:02,230;mon_network;eth0;38994;45617;lo;0;0;
2020-05-12 21:15:02,341;mon_network;eth0;38994;45617;lo;0;0;
2020-05-12 21:15:02,457;mon_network;eth0;38994;45617;lo;0;0;
2020-05-12 21:15:02,564;mon_network;eth0;38994;45617;lo;0;0;
2020-05-12 21:15:02,672;mon_network;eth0;38994;45617;lo;0;0;
2020-05-12 21:15:02,787;mon_network;eth0;38994;45617;lo;0;0;
2020-05-12 21:15:02,895;mon_network;eth0;38994;45617;lo;0;0;
2020-05-12 21:15:03,001;mon_network;eth0;38994;45617;lo;0;0;
2020-05-12 21:15:03,108;mon_network;eth0;38994;45617;lo;0;0;
2020-05-12 21:15:03,217;mon_network;eth0;38994;45617;lo;0;0;
2020-05-12 21:15:03,332;mon_network;eth0;38994;45617;lo;0;0;
2020-05-12 21:15:03,441;mon_network;eth0;38994;45617;lo;0;0;
2020-05-12 21:15:03,561;mon_network;eth0;38994;45617;lo;0;0;
2020-05-12 21:15:03,665;mon_network;eth0;38994;45617;lo;0;0;
2020-05-12 21:15:03,780;mon_network;eth0;38994;45617;lo;0;0;
2020-05-12 21:15:03,893;mon_network;eth0;38994;45617;lo;0;0;
2020-05-12 21:15:03,998;mon_network;eth0;38994;45617;lo;0;0;
2020-05-12 21:15:04,105;mon_network;eth0;38994;45617;lo;0;0;
2020-05-12 21:15:04,214;mon_network;eth0;38994;45617;lo;0;0;
2020-05-12 21:15:04,322;mon_network;eth0;38994;45617;lo;0;0;
2020-05-12 21:15:04,430;mon_network;eth0;38994;45617;lo;0;0;
2020-05-12 21:15:04,540;mon_network;eth0;38994;45617;lo;0;0;
2020-05-12 21:15:04,658;mon_network;eth0;38994;45617;lo;0;0;
2020-05-12 21:15:04,779;mon_network;eth0;38994;45617;lo;0;0;
2020-05-12 21:15:04,888;mon_network;eth0;38994;45617;lo;0;0;
2020-05-12 21:15:05,005;mon_network;eth0;38994;45617;lo;0;0;
2020-05-12 21:15:05,114;mon_network;eth0;38994;45617;lo;0;0;
2020-05-12 21:15:05,223;mon_network;eth0;38994;45617;lo;0;0;
2020-05-12 21:15:05,328;mon_network;eth0;38994;45617;lo;0;0;
2020-05-12 21:15:05,434;mon_network;eth0;38994;45617;lo;0;0;
2020-05-12 21:15:05,542;mon_network;eth0;38994;45617;lo;0;0;
2020-05-12 21:15:05,653;mon_network;eth0;38994;45617;lo;0;0;
2020-05-12 21:15:05,781;mon_network;eth0;38994;45617;lo;0;0;
2020-05-12 21:15:05,889;mon_network;eth0;38994;45617;lo;0;0;
2020-05-12 21:15:05,993;mon_network;eth0;38994;45617;lo;0;0;
2020-05-12 21:15:06,107;mon_network;eth0;38994;45617;lo;0;0;
2020-05-12 21:15:06,214;mon_network;eth0;38994;45617;lo;0;0;
2020-05-12 21:15:06,321;mon_network;eth0;38994;45617;lo;0;0;
2020-05-12 21:15:06,431;mon_network;eth0;38994;45617;lo;0;0;
2020-05-12 21:15:06,537;mon_network;eth0;38994;45617;lo;0;0;
2020-05-12 21:15:06,644;mon_network;eth0;38994;45617;lo;0;0;
2020-05-12 21:15:06,748;mon_network;eth0;38994;45617;lo;0;0;
2020-05-12 21:15:06,855;mon_network;eth0;38994;45617;lo;0;0;
2020-05-12 21:15:06,962;mon_network;eth0;38994;45617;lo;0;0;
2020-05-12 21:15:07,066;mon_network;eth0;38994;45617;lo;0;0;
2020-05-12 21:15:07,173;mon_network;eth0;38994;45617;lo;0;0;
2020-05-12 21:15:07,281;mon_network;eth0;38994;45617;lo;0;0;
2020-05-12 21:15:07,388;mon_network;eth0;38994;45617;lo;0;0;
2020-05-12 21:15:07,496;mon_network;eth0;38994;45617;lo;0;0;
2020-05-12 21:15:07,606;mon_network;eth0;38994;45617;lo;0;0;
2020-05-12 21:15:07,720;mon_network;eth0;38994;45617;lo;0;0;
2020-05-12 21:15:07,824;mon_network;eth0;38994;45617;lo;0;0;
2020-05-12 21:15:07,929;mon_network;eth0;38994;45617;lo;0;0;
2020-05-12 21:15:08,040;mon_network;eth0;38994;45617;lo;0;0;
2020-05-12 21:15:08,145;mon_network;eth0;38994;45617;lo;0;0;
2020-05-12 21:15:08,253;mon_network;eth0;38994;45617;lo;0;0;
2020-05-12 21:15:08,361;mon_network;eth0;38994;45617;lo;0;0;
2020-05-12 21:15:08,468;mon_network;eth0;38994;45617;lo;0;0;
2020-05-12 21:15:08,577;mon_network;eth0;38994;45617;lo;0;0;
2020-05-12 21:15:08,682;mon_network;eth0;38994;45617;lo;0;0;
2020-05-12 21:15:08,787;mon_network;eth0;38994;45617;lo;0;0;
2020-05-12 21:15:08,891;mon_network;eth0;38994;45617;lo;0;0;
2020-05-12 21:15:08,998;mon_network;eth0;38994;45617;lo;0;0;
2020-05-12 21:15:09,112;mon_network;eth0;38994;45617;lo;0;0;
2020-05-12 21:15:09,221;mon_network;eth0;38994;45617;lo;0;0;
2020-05-12 21:15:09,329;mon_network;eth0;38994;45617;lo;0;0;
2020-05-12 21:15:09,440;mon_network;eth0;38994;45617;lo;0;0;
2020-05-12 21:15:09,549;mon_network;eth0;38994;45617;lo;0;0;
2020-05-12 21:15:09,663;mon_network;eth0;38994;45617;lo;0;0;
2020-05-12 21:15:09,773;mon_network;eth0;38994;45617;lo;0;0;
2020-05-12 21:15:09,878;mon_network;eth0;38994;45617;lo;0;0;
2020-05-12 21:15:09,982;mon_network;eth0;38994;45617;lo;0;0;
2020-05-12 21:15:10,089;mon_network;eth0;38994;45617;lo;0;0;
2020-05-12 21:15:10,197;mon_network;eth0;38994;45617;lo;0;0;
2020-05-12 21:15:10,304;mon_network;eth0;38994;45617;lo;0;0;
2020-05-12 21:15:10,413;mon_network;eth0;38994;45617;lo;0;0;
2020-05-12 21:15:10,520;mon_network;eth0;38994;45617;lo;0;0;
2020-05-12 21:15:10,634;mon_network;eth0;38994;45617;lo;0;0;
2020-05-12 21:15:10,741;mon_network;eth0;38994;45617;lo;0;0;
2020-05-12 21:15:10,848;mon_network;eth0;38994;45617;lo;0;0;
2020-05-12 21:15:10,953;mon_network;eth0;38994;45617;lo;0;0;
2020-05-12 21:15:11,058;mon_network;eth0;38994;45617;lo;0;0;
2020-05-12 21:15:11,164;mon_network;eth0;38994;45617;lo;0;0;
2020-05-12 21:15:11,275;mon_network;eth0;38994;45617;lo;0;0;
2020-05-12 21:15:11,393;mon_network;eth0;38994;45617;lo;0;0;
2020-05-12 21:15:11,503;mon_network;eth0;38994;45617;lo;0;0;
2020-05-12 21:15:11,613;mon_network;eth0;38994;45617;lo;0;0;
2020-05-12 21:15:11,734;mon_network;eth0;38994;45617;lo;0;0;
2020-05-12 21:15:11,838;mon_network;eth0;38994;45617;lo;0;0;
2020-05-12 21:15:11,945;mon_network;eth0;38994;45617;lo;0;0;
2020-05-12 21:15:12,052;mon_network;eth0;38994;45617;lo;0;0;
2020-05-12 21:15:12,160;mon_network;eth0;38994;45617;lo;0;0;
2020-05-12 21:15:12,268;mon_network;eth0;38994;45617;lo;0;0;
2020-05-12 21:15:12,375;mon_network;eth0;38994;45617;lo;0;0;
2020-05-12 21:15:12,486;mon_network;eth0;38994;45617;lo;0;0;
2020-05-12 21:15:12,592;mon_network;eth0;38994;45617;lo;0;0;
2020-05-12 21:15:12,699;mon_network;eth0;38994;45617;lo;0;0;
2020-05-12 21:15:12,806;mon_network;eth0;38994;45617;lo;0;0;
2020-05-12 21:15:12,914;mon_network;eth0;38994;45617;lo;0;0;
2020-05-12 21:15:13,025;mon_network;eth0;38994;45617;lo;0;0;
2020-05-12 21:15:13,136;mon_network;eth0;38994;45617;lo;0;0;
2020-05-12 21:15:13,244;mon_network;eth0;38994;45617;lo;0;0;
2020-05-12 21:15:13,352;mon_network;eth0;38994;45617;lo;0;0;
2020-05-12 21:15:13,462;mon_network;eth0;38994;45617;lo;0;0;
2020-05-12 21:15:13,569;mon_network;eth0;38994;45617;lo;0;0;
2020-05-12 21:15:13,676;mon_network;eth0;38994;45617;lo;0;0;
2020-05-12 21:15:13,781;mon_network;eth0;38994;45617;lo;0;0;
2020-05-12 21:15:13,887;mon_network;eth0;38994;45617;lo;0;0;
2020-05-12 21:15:13,993;mon_network;eth0;38994;45617;lo;0;0;
2020-05-12 21:15:14,102;mon_network;eth0;38994;45617;lo;0;0;
2020-05-12 21:15:14,208;mon_network;eth0;38994;45617;lo;0;0;
2020-05-12 21:15:14,315;mon_network;eth0;38994;45617;lo;0;0;
2020-05-12 21:15:14,427;mon_network;eth0;38994;45617;lo;0;0;
2020-05-12 21:15:14,531;mon_network;eth0;38994;45617;lo;0;0;
2020-05-12 21:15:14,638;mon_network;eth0;38994;45617;lo;0;0;
2020-05-12 21:15:14,747;mon_network;eth0;38994;45617;lo;0;0;
2020-05-12 21:15:14,856;mon_network;eth0;38994;45617;lo;0;0;
2020-05-12 21:15:14,964;mon_network;eth0;38994;45617;lo;0;0;
2020-05-12 21:15:15,074;mon_network;eth0;38994;45617;lo;0;0;
2020-05-12 21:15:15,182;mon_network;eth0;38994;45617;lo;0;0;
2020-05-12 21:15:15,297;mon_network;eth0;38994;45617;lo;0;0;
2020-05-12 21:15:15,410;mon_network;eth0;38994;45617;lo;0;0;
2020-05-12 21:15:15,517;mon_network;eth0;38994;45617;lo;0;0;
2020-05-12 21:15:15,623;mon_network;eth0;38994;45617;lo;0;0;
2020-05-12 21:15:15,742;mon_network;eth0;38994;45617;lo;0;0;
2020-05-12 21:15:15,847;mon_network;eth0;38994;45617;lo;0;0;
2020-05-12 21:15:15,954;mon_network;eth0;38994;45617;lo;0;0;
2020-05-12 21:15:16,060;mon_network;eth0;38994;45617;lo;0;0;
2020-05-12 21:15:16,176;mon_network;eth0;38994;45617;lo;0;0;
2020-05-12 21:15:16,294;mon_network;eth0;38994;45617;lo;0;0;
2020-05-12 21:15:16,405;mon_network;eth0;38994;45617;lo;0;0;
2020-05-12 21:15:16,516;mon_network;eth0;38994;45617;lo;0;0;
2020-05-12 21:15:16,631;mon_network;eth0;38994;45617;lo;0;0;
2020-05-12 21:15:16,741;mon_network;eth0;38994;45617;lo;0;0;
2020-05-12 21:15:16,852;mon_network;eth0;38994;45617;lo;0;0;
2020-05-12 21:15:16,961;mon_network;eth0;38994;45617;lo;0;0;
2020-05-12 21:15:17,069;mon_network;eth0;38994;45617;lo;0;0;
2020-05-12 21:15:17,178;mon_network;eth0;38994;45617;lo;0;0;
2020-05-12 21:15:17,286;mon_network;eth0;38994;45617;lo;0;0;
2020-05-12 21:15:17,396;mon_network;eth0;38994;45617;lo;0;0;
2020-05-12 21:15:17,505;mon_network;eth0;38994;45617;lo;0;0;
2020-05-12 21:15:17,616;mon_network;eth0;38994;45617;lo;0;0;
2020-05-12 21:15:17,737;mon_network;eth0;38994;45617;lo;0;0;
2020-05-12 21:15:17,848;mon_network;eth0;38994;45617;lo;0;0;
2020-05-12 21:15:17,951;mon_network;eth0;38994;45617;lo;0;0;
2020-05-12 21:15:18,057;mon_network;eth0;38994;45617;lo;0;0;
2020-05-12 21:15:18,165;mon_network;eth0;38994;45617;lo;0;0;
2020-05-12 21:15:18,274;mon_network;eth0;38994;45617;lo;0;0;
2020-05-12 21:15:18,382;mon_network;eth0;38994;45617;lo;0;0;
2020-05-12 21:15:18,490;mon_network;eth0;38994;45617;lo;0;0;
2020-05-12 21:15:18,597;mon_network;eth0;38994;45617;lo;0;0;
2020-05-12 21:15:18,706;mon_network;eth0;38994;45617;lo;0;0;
2020-05-12 21:15:18,814;mon_network;eth0;38994;45617;lo;0;0;
2020-05-12 21:15:18,923;mon_network;eth0;38994;45617;lo;0;0;
2020-05-12 21:15:19,031;mon_network;eth0;38994;45617;lo;0;0;
2020-05-12 21:15:19,139;mon_network;eth0;38994;45617;lo;0;0;
2020-05-12 21:15:19,248;mon_network;eth0;38994;45617;lo;0;0;
2020-05-12 21:15:19,360;mon_network;eth0;38994;45617;lo;0;0;
2020-05-12 21:15:19,468;mon_network;eth0;38994;45617;lo;0;0;
2020-05-12 21:15:19,576;mon_network;eth0;38994;45617;lo;0;0;
2020-05-12 21:15:19,684;mon_network;eth0;38994;45617;lo;0;0;
2020-05-12 21:15:19,795;mon_network;eth0;38994;45617;lo;0;0;
2020-05-12 21:15:19,908;mon_network;eth0;38994;45617;lo;0;0;
2020-05-12 21:15:20,012;mon_network;eth0;38994;45617;lo;0;0;
2020-05-12 21:15:20,121;mon_network;eth0;38994;45617;lo;0;0;
2020-05-12 21:15:20,233;mon_network;eth0;38994;45617;lo;0;0;
2020-05-12 21:15:20,340;mon_network;eth0;38994;45617;lo;0;0;
2020-05-12 21:15:20,448;mon_network;eth0;38994;45617;lo;0;0;
2020-05-12 21:15:20,557;mon_network;eth0;38994;45617;lo;0;0;
2020-05-12 21:15:20,666;mon_network;eth0;38994;45617;lo;0;0;
2020-05-12 21:15:20,783;mon_network;eth0;38994;45617;lo;0;0;
2020-05-12 21:15:20,893;mon_network;eth0;38994;45617;lo;0;0;
2020-05-12 21:15:21,004;mon_network;eth0;38994;45617;lo;0;0;
2020-05-12 21:15:21,113;mon_network;eth0;38994;45617;lo;0;0;
2020-05-12 21:15:21,223;mon_network;eth0;38994;45617;lo;0;0;
2020-05-12 21:15:21,336;mon_network;eth0;38994;45617;lo;0;0;
2020-05-12 21:15:21,441;mon_network;eth0;38994;45617;lo;0;0;
2020-05-12 21:15:21,546;mon_network;eth0;38994;45617;lo;0;0;
2020-05-12 21:15:21,653;mon_network;eth0;38994;45617;lo;0;0;
2020-05-12 21:15:21,760;mon_network;eth0;38994;45617;lo;0;0;
2020-05-12 21:15:21,866;mon_network;eth0;38994;45617;lo;0;0;
2020-05-12 21:15:21,971;mon_network;eth0;38994;45617;lo;0;0;
2020-05-12 21:15:22,097;mon_network;eth0;38994;45617;lo;0;0;
2020-05-12 21:15:22,204;mon_network;eth0;38994;45617;lo;0;0;
2020-05-12 21:15:22,317;mon_network;eth0;39069;45711;lo;0;0;
2020-05-12 21:15:22,428;mon_network;eth0;39393;46122;lo;0;0;
2020-05-12 21:15:22,535;mon_network;eth0;39730;46548;lo;0;0;
2020-05-12 21:15:22,640;mon_network;eth0;40120;47051;lo;0;0;
2020-05-12 21:15:22,747;mon_network;eth0;40477;47492;lo;0;0;
2020-05-12 21:15:22,855;mon_network;eth0;40795;47892;lo;0;0;
2020-05-12 21:15:22,959;mon_network;eth0;41051;48219;lo;0;0;
2020-05-12 21:15:23,070;mon_network;eth0;41298;48543;lo;0;0;
2020-05-12 21:15:23,178;mon_network;eth0;41799;49177;lo;0;0;
2020-05-12 21:15:23,295;mon_network;eth0;42522;50089;lo;0;0;
2020-05-12 21:15:23,400;mon_network;eth0;43222;50945;lo;0;0;
2020-05-12 21:15:23,511;mon_network;eth0;43897;51769;lo;0;0;
2020-05-12 21:15:23,636;mon_network;eth0;44547;52553;lo;0;0;
2020-05-12 21:15:23,756;mon_network;eth0;45179;53356;lo;0;0;
2020-05-12 21:15:23,870;mon_network;eth0;45636;53937;lo;0;0;
2020-05-12 21:15:23,987;mon_network;eth0;46184;54669;lo;0;0;
2020-05-12 21:15:24,108;mon_network;eth0;46998;55664;lo;0;0;
2020-05-12 21:15:24,218;mon_network;eth0;47781;56613;lo;0;0;
2020-05-12 21:15:24,328;mon_network;eth0;48326;57309;lo;0;0;
2020-05-12 21:15:24,450;mon_network;eth0;48955;58101;lo;0;0;
2020-05-12 21:15:24,566;mon_network;eth0;49634;58947;lo;0;0;
2020-05-12 21:15:24,711;mon_network;eth0;50395;59877;lo;0;0;
2020-05-12 21:15:24,848;mon_network;eth0;51143;60825;lo;0;0;
2020-05-12 21:15:24,978;mon_network;eth0;52068;61989;lo;0;0;
2020-05-12 21:15:25,095;mon_network;eth0;52827;62937;lo;0;0;
2020-05-12 21:15:25,221;mon_network;eth0;53886;64277;lo;0;0;
2020-05-12 21:15:25,353;mon_network;eth0;54913;65586;lo;0;0;
2020-05-12 21:15:25,479;mon_network;eth0;56266;67225;lo;0;0;
2020-05-12 21:15:25,603;mon_network;eth0;57430;68759;lo;0;0;
2020-05-12 21:15:25,723;mon_network;eth0;58541;70183;lo;0;0;
2020-05-12 21:15:25,844;mon_network;eth0;59339;71256;lo;0;0;
2020-05-12 21:15:25,978;mon_network;eth0;60320;72535;lo;0;0;
2020-05-12 21:15:26,102;mon_network;eth0;61478;74003;lo;0;0;
2020-05-12 21:15:26,223;mon_network;eth0;62654;75461;lo;0;0;
2020-05-12 21:15:26,340;mon_network;eth0;63778;76870;lo;0;0;
2020-05-12 21:15:26,495;mon_network;eth0;65192;78617;lo;0;0;
2020-05-12 21:15:26,616;mon_network;eth0;66507;80293;lo;0;0;
2020-05-12 21:15:26,740;mon_network;eth0;67812;81922;lo;0;0;
2020-05-12 21:15:26,851;mon_network;eth0;68800;83185;lo;0;0;
2020-05-12 21:15:26,964;mon_network;eth0;69920;84529;lo;0;0;
2020-05-12 21:15:27,098;mon_network;eth0;71272;86205;lo;0;0;
2020-05-12 21:15:27,210;mon_network;eth0;72486;87763;lo;0;0;
2020-05-12 21:15:27,338;mon_network;eth0;73634;89185;lo;0;0;
2020-05-12 21:15:27,463;mon_network;eth0;75018;90912;lo;0;0;
2020-05-12 21:15:27,578;mon_network;eth0;76394;92625;lo;0;0;
2020-05-12 21:15:27,701;mon_network;eth0;77604;94137;lo;0;0;
2020-05-12 21:15:27,836;mon_network;eth0;78364;95086;lo;0;0;
2020-05-12 21:15:27,964;mon_network;eth0;79428;96426;lo;0;0;
2020-05-12 21:15:28,076;mon_network;eth0;80485;97780;lo;0;0;
2020-05-12 21:15:28,192;mon_network;eth0;81602;99126;lo;0;0;
2020-05-12 21:15:28,323;mon_network;eth0;82902;100812;lo;0;0;
2020-05-12 21:15:28,448;mon_network;eth0;84262;102479;lo;0;0;
2020-05-12 21:15:28,596;mon_network;eth0;85631;104203;lo;0;0;
2020-05-12 21:15:28,717;mon_network;eth0;87031;106019;lo;0;0;
2020-05-12 21:15:28,856;mon_network;eth0;88027;107253;lo;0;0;
2020-05-12 21:15:28,982;mon_network;eth0;89302;108875;lo;0;0;
2020-05-12 21:15:29,091;mon_network;eth0;90378;110272;lo;0;0;
2020-05-12 21:15:29,220;mon_network;eth0;91498;111664;lo;0;0;
2020-05-12 21:15:29,337;mon_network;eth0;92751;113230;lo;0;0;
2020-05-12 21:15:29,456;mon_network;eth0;94102;114856;lo;0;0;
2020-05-12 21:15:29,567;mon_network;eth0;95282;116338;lo;0;0;
2020-05-12 21:15:29,693;mon_network;eth0;96518;117866;lo;0;0;
2020-05-12 21:15:29,814;mon_network;eth0;97379;118941;lo;0;0;
2020-05-12 21:15:29,924;mon_network;eth0;98376;120217;lo;0;0;
2020-05-12 21:15:30,057;mon_network;eth0;99633;121785;lo;0;0;
2020-05-12 21:15:30,166;mon_network;eth0;100543;122946;lo;0;0;
2020-05-12 21:15:30,307;mon_network;eth0;101963;124834;lo;0;0;
2020-05-12 21:15:30,416;mon_network;eth0;103089;126273;lo;0;0;
2020-05-12 21:15:30,560;mon_network;eth0;104393;127912;lo;0;0;
2020-05-12 21:15:30,680;mon_network;eth0;105829;129750;lo;0;0;
2020-05-12 21:15:30,793;mon_network;eth0;106929;131195;lo;0;0;
2020-05-12 21:15:30,911;mon_network;eth0;108215;132807;lo;0;0;
2020-05-12 21:15:31,034;mon_network;eth0;109538;134479;lo;0;0;
2020-05-12 21:15:31,160;mon_network;eth0;110697;135974;lo;0;0;
2020-05-12 21:15:31,298;mon_network;eth0;112155;137788;lo;0;0;
2020-05-12 21:15:31,435;mon_network;eth0;113548;139653;lo;0;0;
2020-05-12 21:15:31,541;mon_network;eth0;114748;141166;lo;0;0;
2020-05-12 21:15:31,676;mon_network;eth0;116014;142727;lo;0;0;
2020-05-12 21:15:31,783;mon_network;eth0;116900;143911;lo;0;0;
2020-05-12 21:15:31,911;mon_network;eth0;117934;145217;lo;0;0;
2020-05-12 21:15:32,056;mon_network;eth0;119165;146817;lo;0;0;
2020-05-12 21:15:32,180;mon_network;eth0;120518;148542;lo;0;0;
2020-05-12 21:15:32,297;mon_network;eth0;121753;150061;lo;0;0;
2020-05-12 21:15:32,411;mon_network;eth0;122962;151573;lo;0;0;
2020-05-12 21:15:32,528;mon_network;eth0;124300;153205;lo;0;0;
2020-05-12 21:15:32,651;mon_network;eth0;125393;154533;lo;0;0;
2020-05-12 21:15:32,778;mon_network;eth0;126722;156142;lo;0;0;
2020-05-12 21:15:32,897;mon_network;eth0;127785;157482;lo;0;0;
2020-05-12 21:15:33,015;mon_network;eth0;129128;159203;lo;0;0;
2020-05-12 21:15:33,126;mon_network;eth0;130253;160606;lo;0;0;
2020-05-12 21:15:33,252;mon_network;eth0;131396;162142;lo;0;0;
2020-05-12 21:15:33,392;mon_network;eth0;132751;163898;lo;0;0;
2020-05-12 21:15:33,524;mon_network;eth0;134025;165547;lo;0;0;
2020-05-12 21:15:33,666;mon_network;eth0;135697;167711;lo;0;0;
2020-05-12 21:15:33,811;mon_network;eth0;136658;168917;lo;0;0;
2020-05-12 21:15:33,927;mon_network;eth0;137786;170391;lo;0;0;
2020-05-12 21:15:34,044;mon_network;eth0;138883;171787;lo;0;0;
2020-05-12 21:15:34,168;mon_network;eth0;140044;173270;lo;0;0;
2020-05-12 21:15:34,296;mon_network;eth0;141370;174922;lo;0;0;
2020-05-12 21:15:34,425;mon_network;eth0;142563;176457;lo;0;0;
2020-05-12 21:15:34,534;mon_network;eth0;143761;177995;lo;0;0;
2020-05-12 21:15:34,656;mon_network;eth0;145000;179543;lo;0;0;
2020-05-12 21:15:34,788;mon_network;eth0;146235;181096;lo;0;0;
2020-05-12 21:15:34,908;mon_network;eth0;147497;182657;lo;0;0;
2020-05-12 21:15:35,033;mon_network;eth0;148818;184307;lo;0;0;
2020-05-12 21:15:35,164;mon_network;eth0;150035;185830;lo;0;0;
2020-05-12 21:15:35,301;mon_network;eth0;151500;187614;lo;0;0;
2020-05-12 21:15:35,448;mon_network;eth0;152603;189033;lo;0;0;
2020-05-12 21:15:35,591;mon_network;eth0;154270;191083;lo;0;0;
2020-05-12 21:15:35,729;mon_network;eth0;155751;192934;lo;0;0;
2020-05-12 21:15:35,863;mon_network;eth0;156735;194185;lo;0;0;
2020-05-12 21:15:36,020;mon_network;eth0;158053;195851;lo;0;0;
2020-05-12 21:15:36,137;mon_network;eth0;159285;197388;lo;0;0;
2020-05-12 21:15:36,260;mon_network;eth0;160470;198833;lo;0;0;
2020-05-12 21:15:36,398;mon_network;eth0;161961;200688;lo;0;0;
2020-05-12 21:15:36,508;mon_network;eth0;163099;202129;lo;0;0;
2020-05-12 21:15:36,637;mon_network;eth0;164359;203713;lo;0;0;
2020-05-12 21:15:36,745;mon_network;eth0;165578;205236;lo;0;0;
2020-05-12 21:15:36,873;mon_network;eth0;166755;206737;lo;0;0;
2020-05-12 21:15:37,001;mon_network;eth0;167856;208050;lo;0;0;
2020-05-12 21:15:37,140;mon_network;eth0;169317;209877;lo;0;0;
2020-05-12 21:15:37,268;mon_network;eth0;170426;211284;lo;0;0;
2020-05-12 21:15:37,382;mon_network;eth0;171846;213024;lo;0;0;
2020-05-12 21:15:37,498;mon_network;eth0;173037;214515;lo;0;0;
2020-05-12 21:15:37,629;mon_network;eth0;174336;216117;lo;0;0;
2020-05-12 21:15:37,751;mon_network;eth0;175535;217546;lo;0;0;
2020-05-12 21:15:37,886;mon_network;eth0;176713;219075;lo;0;0;
2020-05-12 21:15:38,049;mon_network;eth0;177893;220556;lo;0;0;
2020-05-12 21:15:38,190;mon_network;eth0;179231;222200;lo;0;0;
2020-05-12 21:15:38,330;mon_network;eth0;180887;224311;lo;0;0;
2020-05-12 21:15:38,452;mon_network;eth0;181908;225574;lo;0;0;
2020-05-12 21:15:38,581;mon_network;eth0;183207;227166;lo;0;0;
2020-05-12 21:15:38,711;mon_network;eth0;184550;228845;lo;0;0;
2020-05-12 21:15:38,840;mon_network;eth0;185879;230504;lo;0;0;
2020-05-12 21:15:38,976;mon_network;eth0;187198;232142;lo;0;0;
2020-05-12 21:15:39,095;mon_network;eth0;188298;233537;lo;0;0;
2020-05-12 21:15:39,231;mon_network;eth0;189292;234779;lo;0;0;
2020-05-12 21:15:39,368;mon_network;eth0;190590;236394;lo;0;0;
2020-05-12 21:15:39,498;mon_network;eth0;191780;237904;lo;0;0;
2020-05-12 21:15:39,615;mon_network;eth0;192938;239333;lo;0;0;
2020-05-12 21:15:39,742;mon_network;eth0;194141;240834;lo;0;0;
2020-05-12 21:15:39,847;mon_network;eth0;194883;241774;lo;0;0;
2020-05-12 21:15:39,972;mon_network;eth0;195829;242969;lo;0;0;
2020-05-12 21:15:40,102;mon_network;eth0;197008;244453;lo;0;0;
2020-05-12 21:15:40,212;mon_network;eth0;198125;245857;lo;0;0;
2020-05-12 21:15:40,337;mon_network;eth0;199277;247316;lo;0;0;
2020-05-12 21:15:40,442;mon_network;eth0;200459;248802;lo;0;0;
2020-05-12 21:15:40,554;mon_network;eth0;201356;249887;lo;0;0;
2020-05-12 21:15:40,675;mon_network;eth0;202658;251537;lo;0;0;
2020-05-12 21:15:40,815;mon_network;eth0;203838;253001;lo;0;0;
2020-05-12 21:15:40,945;mon_network;eth0;205070;254522;lo;0;0;
2020-05-12 21:15:41,055;mon_network;eth0;206347;256109;lo;0;0;
2020-05-12 21:15:41,183;mon_network;eth0;207596;257688;lo;0;0;
2020-05-12 21:15:41,316;mon_network;eth0;209016;259497;lo;0;0;
2020-05-12 21:15:41,435;mon_network;eth0;210180;260911;lo;0;0;
2020-05-12 21:15:41,543;mon_network;eth0;211301;262278;lo;0;0;
2020-05-12 21:15:41,670;mon_network;eth0;212586;263836;lo;0;0;
2020-05-12 21:15:41,831;mon_network;eth0;213869;265417;lo;0;0;
2020-05-12 21:15:41,961;mon_network;eth0;214949;266769;lo;0;0;
2020-05-12 21:15:42,091;mon_network;eth0;216211;268413;lo;0;0;
2020-05-12 21:15:42,228;mon_network;eth0;217483;269976;lo;0;0;
2020-05-12 21:15:42,370;mon_network;eth0;219040;271916;lo;0;0;
2020-05-12 21:15:42,510;mon_network;eth0;220421;273621;lo;0;0;
2020-05-12 21:15:42,640;mon_network;eth0;221797;275336;lo;0;0;
2020-05-12 21:15:42,746;mon_network;eth0;223070;276910;lo;0;0;
2020-05-12 21:15:42,872;mon_network;eth0;223888;277942;lo;0;0;
2020-05-12 21:15:42,982;mon_network;eth0;225069;279424;lo;0;0;
2020-05-12 21:15:43,090;mon_network;eth0;226229;280858;lo;0;0;
2020-05-12 21:15:43,213;mon_network;eth0;227554;282546;lo;0;0;
2020-05-12 21:15:43,333;mon_network;eth0;228698;283956;lo;0;0;
2020-05-12 21:15:43,449;mon_network;eth0;229915;285468;lo;0;0;
2020-05-12 21:15:43,566;mon_network;eth0;231118;286923;lo;0;0;
2020-05-12 21:15:43,671;mon_network;eth0;232237;288333;lo;0;0;
2020-05-12 21:15:43,823;mon_network;eth0;233119;289422;lo;0;0;
2020-05-12 21:15:43,939;mon_network;eth0;234375;291031;lo;0;0;
2020-05-12 21:15:44,069;mon_network;eth0;235458;292405;lo;0;0;
2020-05-12 21:15:44,181;mon_network;eth0;236599;293852;lo;0;0;
2020-05-12 21:15:44,300;mon_network;eth0;237732;295275;lo;0;0;
2020-05-12 21:15:44,425;mon_network;eth0;239080;296939;lo;0;0;
2020-05-12 21:15:44,531;mon_network;eth0;240262;298423;lo;0;0;
2020-05-12 21:15:44,655;mon_network;eth0;241449;299922;lo;0;0;
2020-05-12 21:15:44,779;mon_network;eth0;242627;301377;lo;0;0;
2020-05-12 21:15:44,901;mon_network;eth0;243862;302909;lo;0;0;
2020-05-12 21:15:45,023;mon_network;eth0;245135;304560;lo;0;0;
2020-05-12 21:15:45,137;mon_network;eth0;246309;306036;lo;0;0;
2020-05-12 21:15:45,280;mon_network;eth0;247881;307950;lo;0;0;
2020-05-12 21:15:45,399;mon_network;eth0;249045;309378;lo;0;0;
2020-05-12 21:15:45,531;mon_network;eth0;250369;310948;lo;0;0;
2020-05-12 21:15:45,660;mon_network;eth0;251734;312645;lo;0;0;
2020-05-12 21:15:45,792;mon_network;eth0;252853;314044;lo;0;0;
2020-05-12 21:15:45,907;mon_network;eth0;253852;315324;lo;0;0;
2020-05-12 21:15:46,040;mon_network;eth0;255053;316760;lo;0;0;
2020-05-12 21:15:46,150;mon_network;eth0;256285;318241;lo;0;0;
2020-05-12 21:15:46,262;mon_network;eth0;257461;319730;lo;0;0;
2020-05-12 21:15:46,379;mon_network;eth0;258597;321142;lo;0;0;
2020-05-12 21:15:46,487;mon_network;eth0;259732;322521;lo;0;0;
2020-05-12 21:15:46,617;mon_network;eth0;261199;324296;lo;0;0;
2020-05-12 21:15:46,744;mon_network;eth0;262249;325573;lo;0;0;
2020-05-12 21:15:46,893;mon_network;eth0;263697;327319;lo;0;0;
2020-05-12 21:15:47,007;mon_network;eth0;264891;328797;lo;0;0;
2020-05-12 21:15:47,132;mon_network;eth0;266266;330540;lo;0;0;
2020-05-12 21:15:47,256;mon_network;eth0;267466;331987;lo;0;0;
2020-05-12 21:15:47,383;mon_network;eth0;268693;333475;lo;0;0;
2020-05-12 21:15:47,498;mon_network;eth0;270019;335078;lo;0;0;
2020-05-12 21:15:47,636;mon_network;eth0;271475;336905;lo;0;0;
2020-05-12 21:15:47,763;mon_network;eth0;272473;338093;lo;0;0;
2020-05-12 21:15:47,895;mon_network;eth0;273586;339444;lo;0;0;
2020-05-12 21:15:48,020;mon_network;eth0;274771;340915;lo;0;0;
2020-05-12 21:15:48,147;mon_network;eth0;276076;342512;lo;0;0;
2020-05-12 21:15:48,290;mon_network;eth0;277309;344073;lo;0;0;
2020-05-12 21:15:48,442;mon_network;eth0;278482;345507;lo;0;0;
2020-05-12 21:15:48,563;mon_network;eth0;279773;347122;lo;0;0;
2020-05-12 21:15:48,681;mon_network;eth0;281078;348767;lo;0;0;
2020-05-12 21:15:48,800;mon_network;eth0;282227;350181;lo;0;0;
2020-05-12 21:15:48,935;mon_network;eth0;283514;351766;lo;0;0;
2020-05-12 21:15:49,061;mon_network;eth0;284866;353462;lo;0;0;
2020-05-12 21:15:49,192;mon_network;eth0;286066;354910;lo;0;0;
2020-05-12 21:15:49,309;mon_network;eth0;287306;356450;lo;0;0;
2020-05-12 21:15:49,428;mon_network;eth0;288493;357881;lo;0;0;
2020-05-12 21:15:49,544;mon_network;eth0;289741;359429;lo;0;0;
2020-05-12 21:15:49,650;mon_network;eth0;290846;360790;lo;0;0;
2020-05-12 21:15:49,796;mon_network;eth0;291817;361996;lo;0;0;
2020-05-12 21:15:49,916;mon_network;eth0;293074;363543;lo;0;0;
2020-05-12 21:15:50,026;mon_network;eth0;293882;364580;lo;0;0;
2020-05-12 21:15:50,187;mon_network;eth0;295121;366131;lo;0;0;
2020-05-12 21:15:50,344;mon_network;eth0;296315;367599;lo;0;0;
2020-05-12 21:15:50,458;mon_network;eth0;297589;369138;lo;0;0;
2020-05-12 21:15:50,588;mon_network;eth0;298649;370465;lo;0;0;
2020-05-12 21:15:50,720;mon_network;eth0;299898;371981;lo;0;0;
2020-05-12 21:15:50,844;mon_network;eth0;300927;373255;lo;0;0;
2020-05-12 21:15:50,967;mon_network;eth0;302142;374758;lo;0;0;
2020-05-12 21:15:51,091;mon_network;eth0;303293;376203;lo;0;0;
2020-05-12 21:15:51,218;mon_network;eth0;304498;377730;lo;0;0;
2020-05-12 21:15:51,356;mon_network;eth0;305841;379371;lo;0;0;
2020-05-12 21:15:51,492;mon_network;eth0;307221;381077;lo;0;0;
2020-05-12 21:15:51,618;mon_network;eth0;308364;382532;lo;0;0;
2020-05-12 21:15:51,752;mon_network;eth0;309654;384160;lo;0;0;
2020-05-12 21:15:51,892;mon_network;eth0;310450;385175;lo;0;0;
2020-05-12 21:15:52,021;mon_network;eth0;311275;386179;lo;0;0;
2020-05-12 21:15:52,151;mon_network;eth0;312274;387412;lo;0;0;
2020-05-12 21:15:52,296;mon_network;eth0;313558;389011;lo;0;0;
2020-05-12 21:15:52,412;mon_network;eth0;314842;390677;lo;0;0;
2020-05-12 21:15:52,544;mon_network;eth0;316241;392496;lo;0;0;
2020-05-12 21:15:52,657;mon_network;eth0;317394;393949;lo;0;0;
2020-05-12 21:15:52,788;mon_network;eth0;318681;395566;lo;0;0;
2020-05-12 21:15:52,925;mon_network;eth0;320066;397337;lo;0;0;
2020-05-12 21:15:53,034;mon_network;eth0;321301;398923;lo;0;0;
2020-05-12 21:15:53,155;mon_network;eth0;322446;400399;lo;0;0;
2020-05-12 21:15:53,268;mon_network;eth0;323654;401920;lo;0;0;
2020-05-12 21:15:53,404;mon_network;eth0;325074;403678;lo;0;0;
2020-05-12 21:15:53,519;mon_network;eth0;326114;404965;lo;0;0;
2020-05-12 21:15:53,643;mon_network;eth0;327463;406713;lo;0;0;
2020-05-12 21:15:53,795;mon_network;eth0;328516;408069;lo;0;0;
2020-05-12 21:15:53,924;mon_network;eth0;329691;409560;lo;0;0;
2020-05-12 21:15:54,043;mon_network;eth0;330829;411000;lo;0;0;
2020-05-12 21:15:54,178;mon_network;eth0;332032;412490;lo;0;0;
2020-05-12 21:15:54,283;mon_network;eth0;333239;414052;lo;0;0;
2020-05-12 21:15:54,395;mon_network;eth0;334119;415124;lo;0;0;
2020-05-12 21:15:54,521;mon_network;eth0;335510;416894;lo;0;0;
2020-05-12 21:15:54,660;mon_network;eth0;336743;418419;lo;0;0;
2020-05-12 21:15:54,786;mon_network;eth0;338043;420054;lo;0;0;
2020-05-12 21:15:54,919;mon_network;eth0;339320;421665;lo;0;0;
2020-05-12 21:15:55,056;mon_network;eth0;340729;423462;lo;0;0;
2020-05-12 21:15:55,181;mon_network;eth0;341882;424905;lo;0;0;
2020-05-12 21:15:55,301;mon_network;eth0;343126;426524;lo;0;0;
2020-05-12 21:15:55,424;mon_network;eth0;344195;427854;lo;0;0;
2020-05-12 21:15:55,534;mon_network;eth0;345491;429471;lo;0;0;
2020-05-12 21:15:55,660;mon_network;eth0;346548;430736;lo;0;0;
2020-05-12 21:15:55,786;mon_network;eth0;347665;432109;lo;0;0;
2020-05-12 21:15:55,919;mon_network;eth0;348693;433429;lo;0;0;
2020-05-12 21:15:56,044;mon_network;eth0;349680;434685;lo;0;0;
2020-05-12 21:15:56,164;mon_network;eth0;350809;436073;lo;0;0;
2020-05-12 21:15:56,282;mon_network;eth0;352039;437605;lo;0;0;
2020-05-12 21:15:56,406;mon_network;eth0;353158;438989;lo;0;0;
2020-05-12 21:15:56,528;mon_network;eth0;354212;440312;lo;0;0;
2020-05-12 21:15:56,648;mon_network;eth0;355495;441945;lo;0;0;
2020-05-12 21:15:56,777;mon_network;eth0;356557;443255;lo;0;0;
2020-05-12 21:15:56,904;mon_network;eth0;357800;444786;lo;0;0;
2020-05-12 21:15:57,037;mon_network;eth0;359302;446662;lo;0;0;
2020-05-12 21:15:57,146;mon_network;eth0;360468;448109;lo;0;0;
2020-05-12 21:15:57,263;mon_network;eth0;361529;449402;lo;0;0;
2020-05-12 21:15:57,384;mon_network;eth0;362584;450788;lo;0;0;
2020-05-12 21:15:57,496;mon_network;eth0;363482;451859;lo;0;0;
2020-05-12 21:15:57,620;mon_network;eth0;364819;453488;lo;0;0;
2020-05-12 21:15:57,752;mon_network;eth0;365850;454741;lo;0;0;
2020-05-12 21:15:57,869;mon_network;eth0;366537;455637;lo;0;0;
2020-05-12 21:15:57,992;mon_network;eth0;367336;456636;lo;0;0;
2020-05-12 21:15:58,110;mon_network;eth0;368089;457555;lo;0;0;
2020-05-12 21:15:58,217;mon_network;eth0;369009;458692;lo;0;0;
2020-05-12 21:15:58,328;mon_network;eth0;370057;459921;lo;0;0;
2020-05-12 21:15:58,452;mon_network;eth0;370996;461096;lo;0;0;
2020-05-12 21:15:58,566;mon_network;eth0;371607;461862;lo;0;0;
2020-05-12 21:15:58,680;mon_network;eth0;372392;462815;lo;0;0;
2020-05-12 21:15:58,793;mon_network;eth0;373019;463578;lo;0;0;
2020-05-12 21:15:58,908;mon_network;eth0;373741;464471;lo;0;0;
2020-05-12 21:15:59,015;mon_network;eth0;374121;464919;lo;0;0;
2020-05-12 21:15:59,119;mon_network;eth0;374512;465406;lo;0;0;
2020-05-12 21:15:59,224;mon_network;eth0;374676;465611;lo;0;0;
2020-05-12 21:15:59,337;mon_network;eth0;374845;465813;lo;0;0;
2020-05-12 21:15:59,449;mon_network;eth0;375087;466104;lo;0;0;
2020-05-12 21:15:59,553;mon_network;eth0;375260;466316;lo;0;0;
2020-05-12 21:15:59,659;mon_network;eth0;375260;466316;lo;0;0;
2020-05-12 21:15:59,777;mon_network;eth0;375260;466316;lo;0;0;
2020-05-12 21:15:59,885;mon_network;eth0;375260;466316;lo;0;0;
2020-05-12 21:15:59,993;mon_network;eth0;375260;466316;lo;0;0;
2020-05-12 21:16:00,099;mon_network;eth0;375260;466316;lo;0;0;
2020-05-12 21:16:00,206;mon_network;eth0;375260;466316;lo;0;0;
2020-05-12 21:16:00,311;mon_network;eth0;375260;466316;lo;0;0;
2020-05-12 21:16:00,426;mon_network;eth0;375260;466316;lo;0;0;
2020-05-12 21:16:00,534;mon_network;eth0;375260;466316;lo;0;0;
2020-05-12 21:16:00,640;mon_network;eth0;375260;466316;lo;0;0;
2020-05-12 21:16:00,748;mon_network;eth0;375260;466316;lo;0;0;
2020-05-12 21:16:00,854;mon_network;eth0;375260;466316;lo;0;0;
2020-05-12 21:16:00,962;mon_network;eth0;375260;466316;lo;0;0;
2020-05-12 21:16:01,070;mon_network;eth0;375260;466316;lo;0;0;
2020-05-12 21:16:01,176;mon_network;eth0;375260;466316;lo;0;0;
2020-05-12 21:16:01,284;mon_network;eth0;375260;466316;lo;0;0;
2020-05-12 21:16:01,389;mon_network;eth0;375260;466316;lo;0;0;
2020-05-12 21:16:01,498;mon_network;eth0;375260;466316;lo;0;0;
2020-05-12 21:16:01,606;mon_network;eth0;375260;466316;lo;0;0;
2020-05-12 21:16:01,724;mon_network;eth0;375260;466316;lo;0;0;
2020-05-12 21:16:01,829;mon_network;eth0;375260;466316;lo;0;0;
2020-05-12 21:16:01,934;mon_network;eth0;375260;466316;lo;0;0;
2020-05-12 21:16:02,040;mon_network;eth0;375260;466316;lo;0;0;
2020-05-12 21:16:02,146;mon_network;eth0;375260;466316;lo;0;0;
2020-05-12 21:16:02,254;mon_network;eth0;375260;466316;lo;0;0;
2020-05-12 21:16:02,360;mon_network;eth0;375260;466316;lo;0;0;
2020-05-12 21:16:02,468;mon_network;eth0;375260;466316;lo;0;0;
2020-05-12 21:16:02,575;mon_network;eth0;375260;466316;lo;0;0;
2020-05-12 21:16:02,682;mon_network;eth0;375260;466316;lo;0;0;
2020-05-12 21:16:02,791;mon_network;eth0;375260;466316;lo;0;0;
2020-05-12 21:16:02,900;mon_network;eth0;375260;466316;lo;0;0;
2020-05-12 21:16:03,008;mon_network;eth0;375260;466316;lo;0;0;
2020-05-12 21:16:03,117;mon_network;eth0;375260;466316;lo;0;0;
2020-05-12 21:16:03,224;mon_network;eth0;375260;466316;lo;0;0;
2020-05-12 21:16:03,333;mon_network;eth0;375260;466316;lo;0;0;
2020-05-12 21:16:03,440;mon_network;eth0;375260;466316;lo;0;0;
2020-05-12 21:16:03,548;mon_network;eth0;375260;466316;lo;0;0;
2020-05-12 21:16:03,654;mon_network;eth0;375260;466316;lo;0;0;
2020-05-12 21:16:03,759;mon_network;eth0;375260;466316;lo;0;0;
2020-05-12 21:16:03,864;mon_network;eth0;375260;466316;lo;0;0;
2020-05-12 21:16:03,970;mon_network;eth0;375260;466316;lo;0;0;
2020-05-12 21:16:04,077;mon_network;eth0;375260;466316;lo;0;0;
2020-05-12 21:16:04,186;mon_network;eth0;375260;466316;lo;0;0;
2020-05-12 21:16:04,295;mon_network;eth0;375260;466316;lo;0;0;
2020-05-12 21:16:04,403;mon_network;eth0;375260;466316;lo;0;0;
2020-05-12 21:16:04,511;mon_network;eth0;375260;466316;lo;0;0;
2020-05-12 21:16:04,618;mon_network;eth0;375260;466316;lo;0;0;
2020-05-12 21:16:04,726;mon_network;eth0;375260;466316;lo;0;0;
2020-05-12 21:16:04,832;mon_network;eth0;375260;466316;lo;0;0;
2020-05-12 21:16:04,940;mon_network;eth0;375260;466316;lo;0;0;
2020-05-12 21:16:05,048;mon_network;eth0;375260;466316;lo;0;0;
2020-05-12 21:16:05,156;mon_network;eth0;375260;466316;lo;0;0;
2020-05-12 21:16:05,265;mon_network;eth0;375260;466316;lo;0;0;
2020-05-12 21:16:05,372;mon_network;eth0;375260;466316;lo;0;0;
2020-05-12 21:16:05,480;mon_network;eth0;375260;466316;lo;0;0;
2020-05-12 21:16:05,589;mon_network;eth0;375260;466316;lo;0;0;
2020-05-12 21:16:05,708;mon_network;eth0;375260;466316;lo;0;0;
2020-05-12 21:16:05,816;mon_network;eth0;375260;466316;lo;0;0;
2020-05-12 21:16:05,920;mon_network;eth0;375260;466316;lo;0;0;
2020-05-12 21:16:06,026;mon_network;eth0;375260;466316;lo;0;0;
2020-05-12 21:16:06,136;mon_network;eth0;375260;466316;lo;0;0;
2020-05-12 21:16:06,243;mon_network;eth0;375260;466316;lo;0;0;
2020-05-12 21:16:06,350;mon_network;eth0;375260;466316;lo;0;0;
2020-05-12 21:16:06,457;mon_network;eth0;375260;466316;lo;0;0;
2020-05-12 21:16:06,566;mon_network;eth0;375260;466316;lo;0;0;
2020-05-12 21:16:06,673;mon_network;eth0;375260;466316;lo;0;0;
2020-05-12 21:16:06,784;mon_network;eth0;375260;466316;lo;0;0;
2020-05-12 21:16:06,891;mon_network;eth0;375260;466316;lo;0;0;
2020-05-12 21:16:07,001;mon_network;eth0;375260;466316;lo;0;0;
2020-05-12 21:16:07,111;mon_network;eth0;375260;466316;lo;0;0;
2020-05-12 21:16:07,220;mon_network;eth0;375260;466316;lo;0;0;
2020-05-12 21:16:07,328;mon_network;eth0;375260;466316;lo;0;0;
2020-05-12 21:16:07,437;mon_network;eth0;375260;466316;lo;0;0;
2020-05-12 21:16:07,547;mon_network;eth0;375260;466316;lo;0;0;
2020-05-12 21:16:07,654;mon_network;eth0;375260;466316;lo;0;0;
2020-05-12 21:16:07,760;mon_network;eth0;375260;466316;lo;0;0;
2020-05-12 21:16:07,868;mon_network;eth0;375260;466316;lo;0;0;
2020-05-12 21:16:07,972;mon_network;eth0;375260;466316;lo;0;0;
2020-05-12 21:16:08,092;mon_network;eth0;375260;466316;lo;0;0;
2020-05-12 21:16:08,199;mon_network;eth0;375260;466316;lo;0;0;
2020-05-12 21:16:08,311;mon_network;eth0;375260;466316;lo;0;0;
2020-05-12 21:16:08,423;mon_network;eth0;375260;466316;lo;0;0;
2020-05-12 21:16:08,532;mon_network;eth0;375260;466316;lo;0;0;
2020-05-12 21:16:08,642;mon_network;eth0;375260;466316;lo;0;0;
2020-05-12 21:16:08,750;mon_network;eth0;375260;466316;lo;0;0;
2020-05-12 21:16:08,858;mon_network;eth0;375260;466316;lo;0;0;
2020-05-12 21:16:08,968;mon_network;eth0;375260;466316;lo;0;0;
2020-05-12 21:16:09,076;mon_network;eth0;375260;466316;lo;0;0;
2020-05-12 21:16:09,183;mon_network;eth0;375260;466316;lo;0;0;
2020-05-12 21:16:09,292;mon_network;eth0;375260;466316;lo;0;0;
2020-05-12 21:16:09,401;mon_network;eth0;375260;466316;lo;0;0;
2020-05-12 21:16:09,508;mon_network;eth0;375260;466316;lo;0;0;
2020-05-12 21:16:09,613;mon_network;eth0;375260;466316;lo;0;0;
2020-05-12 21:16:09,730;mon_network;eth0;375260;466316;lo;0;0;
2020-05-12 21:16:09,843;mon_network;eth0;375260;466316;lo;0;0;
2020-05-12 21:16:09,966;mon_network;eth0;375260;466316;lo;0;0;
2020-05-12 21:16:10,077;mon_network;eth0;375260;466316;lo;0;0;
2020-05-12 21:16:10,182;mon_network;eth0;375260;466316;lo;0;0;
2020-05-12 21:16:10,294;mon_network;eth0;375260;466316;lo;0;0;
2020-05-12 21:16:10,406;mon_network;eth0;375260;466316;lo;0;0;
2020-05-12 21:16:10,514;mon_network;eth0;375260;466316;lo;0;0;
2020-05-12 21:16:10,625;mon_network;eth0;375260;466316;lo;0;0;
2020-05-12 21:16:10,744;mon_network;eth0;375260;466316;lo;0;0;
2020-05-12 21:16:10,856;mon_network;eth0;375260;466316;lo;0;0;
2020-05-12 21:16:10,966;mon_network;eth0;375260;466316;lo;0;0;
2020-05-12 21:16:11,074;mon_network;eth0;375260;466316;lo;0;0;
2020-05-12 21:16:11,184;mon_network;eth0;375260;466316;lo;0;0;
2020-05-12 21:16:11,290;mon_network;eth0;375260;466316;lo;0;0;
2020-05-12 21:16:11,407;mon_network;eth0;375260;466316;lo;0;0;
2020-05-12 21:16:11,516;mon_network;eth0;375260;466316;lo;0;0;
2020-05-12 21:16:11,627;mon_network;eth0;375260;466316;lo;0;0;
2020-05-12 21:16:11,749;mon_network;eth0;375260;466316;lo;0;0;
2020-05-12 21:16:11,868;mon_network;eth0;375260;466316;lo;0;0;
2020-05-12 21:16:11,983;mon_network;eth0;375260;466316;lo;0;0;
2020-05-12 21:16:12,088;mon_network;eth0;375260;466316;lo;0;0;
2020-05-12 21:16:12,193;mon_network;eth0;375260;466316;lo;0;0;
2020-05-12 21:16:12,297;mon_network;eth0;375260;466316;lo;0;0;
2020-05-12 21:16:12,406;mon_network;eth0;375260;466316;lo;0;0;
2020-05-12 21:16:12,510;mon_network;eth0;375260;466316;lo;0;0;
2020-05-12 21:16:12,615;mon_network;eth0;375260;466316;lo;0;0;
2020-05-12 21:16:12,720;mon_network;eth0;375260;466316;lo;0;0;
2020-05-12 21:16:12,830;mon_network;eth0;375260;466316;lo;0;0;
2020-05-12 21:16:12,937;mon_network;eth0;375260;466316;lo;0;0;
2020-05-12 21:16:13,045;mon_network;eth0;375260;466316;lo;0;0;
2020-05-12 21:16:13,172;mon_network;eth0;375260;466316;lo;0;0;
2020-05-12 21:16:13,278;mon_network;eth0;375260;466316;lo;0;0;
2020-05-12 21:16:13,384;mon_network;eth0;375260;466316;lo;0;0;
2020-05-12 21:16:13,491;mon_network;eth0;375260;466316;lo;0;0;
2020-05-12 21:16:13,601;mon_network;eth0;375260;466316;lo;0;0;
2020-05-12 21:16:13,709;mon_network;eth0;375260;466316;lo;0;0;
2020-05-12 21:16:13,814;mon_network;eth0;375260;466316;lo;0;0;
2020-05-12 21:16:13,918;mon_network;eth0;375260;466316;lo;0;0;
2020-05-12 21:16:14,023;mon_network;eth0;375260;466316;lo;0;0;
2020-05-12 21:16:14,129;mon_network;eth0;375260;466316;lo;0;0;
2020-05-12 21:16:14,237;mon_network;eth0;375260;466316;lo;0;0;
2020-05-12 21:16:14,344;mon_network;eth0;375260;466316;lo;0;0;
2020-05-12 21:16:14,452;mon_network;eth0;375260;466316;lo;0;0;
2020-05-12 21:16:14,560;mon_network;eth0;375260;466316;lo;0;0;
2020-05-12 21:16:14,666;mon_network;eth0;375260;466316;lo;0;0;
2020-05-12 21:16:14,784;mon_network;eth0;375260;466316;lo;0;0;
2020-05-12 21:16:14,890;mon_network;eth0;375260;466316;lo;0;0;
2020-05-12 21:16:14,998;mon_network;eth0;375260;466316;lo;0;0;
2020-05-12 21:16:15,105;mon_network;eth0;375260;466316;lo;0;0;
2020-05-12 21:16:15,212;mon_network;eth0;375260;466316;lo;0;0;
2020-05-12 21:16:15,319;mon_network;eth0;375260;466316;lo;0;0;
2020-05-12 21:16:15,428;mon_network;eth0;375260;466316;lo;0;0;
2020-05-12 21:16:15,539;mon_network;eth0;375260;466316;lo;0;0;
2020-05-12 21:16:15,647;mon_network;eth0;375260;466316;lo;0;0;
2020-05-12 21:16:15,764;mon_network;eth0;375260;466316;lo;0;0;
2020-05-12 21:16:15,872;mon_network;eth0;375260;466316;lo;0;0;
2020-05-12 21:16:15,976;mon_network;eth0;375260;466316;lo;0;0;
2020-05-12 21:16:16,084;mon_network;eth0;375260;466316;lo;0;0;
2020-05-12 21:16:16,192;mon_network;eth0;375260;466316;lo;0;0;
2020-05-12 21:16:16,302;mon_network;eth0;375260;466316;lo;0;0;
2020-05-12 21:16:16,408;mon_network;eth0;375260;466316;lo;0;0;
2020-05-12 21:16:16,517;mon_network;eth0;375260;466316;lo;0;0;
2020-05-12 21:16:16,623;mon_network;eth0;375260;466316;lo;0;0;
2020-05-12 21:16:16,730;mon_network;eth0;375260;466316;lo;0;0;
2020-05-12 21:16:16,834;mon_network;eth0;375260;466316;lo;0;0;
2020-05-12 21:16:16,940;mon_network;eth0;375260;466316;lo;0;0;
2020-05-12 21:16:17,047;mon_network;eth0;375260;466316;lo;0;0;
2020-05-12 21:16:17,157;mon_network;eth0;375260;466316;lo;0;0;
2020-05-12 21:16:17,265;mon_network;eth0;375260;466316;lo;0;0;
2020-05-12 21:16:17,374;mon_network;eth0;375260;466316;lo;0;0;
2020-05-12 21:16:17,482;mon_network;eth0;375260;466316;lo;0;0;
2020-05-12 21:16:17,589;mon_network;eth0;375260;466316;lo;0;0;
2020-05-12 21:16:17,700;mon_network;eth0;375260;466316;lo;0;0;
2020-05-12 21:16:17,805;mon_network;eth0;375260;466316;lo;0;0;
2020-05-12 21:16:17,909;mon_network;eth0;375260;466316;lo;0;0;
2020-05-12 21:16:18,016;mon_network;eth0;375260;466316;lo;0;0;
2020-05-12 21:16:18,125;mon_network;eth0;375260;466316;lo;0;0;
2020-05-12 21:16:18,234;mon_network;eth0;375260;466316;lo;0;0;
2020-05-12 21:16:18,341;mon_network;eth0;375260;466316;lo;0;0;
2020-05-12 21:16:18,447;mon_network;eth0;375260;466316;lo;0;0;
2020-05-12 21:16:18,555;mon_network;eth0;375260;466316;lo;0;0;
2020-05-12 21:16:18,663;mon_network;eth0;375260;466316;lo;0;0;
2020-05-12 21:16:18,783;mon_network;eth0;375260;466316;lo;0;0;
2020-05-12 21:16:18,889;mon_network;eth0;375260;466316;lo;0;0;
2020-05-12 21:16:18,998;mon_network;eth0;375260;466316;lo;0;0;
2020-05-12 21:16:19,106;mon_network;eth0;375260;466316;lo;0;0;
2020-05-12 21:16:19,214;mon_network;eth0;375260;466316;lo;0;0;
2020-05-12 21:16:19,323;mon_network;eth0;375260;466316;lo;0;0;
2020-05-12 21:16:19,432;mon_network;eth0;375260;466316;lo;0;0;
2020-05-12 21:16:19,539;mon_network;eth0;375260;466316;lo;0;0;
2020-05-12 21:16:19,645;mon_network;eth0;375260;466316;lo;0;0;
2020-05-12 21:16:19,749;mon_network;eth0;375260;466316;lo;0;0;
2020-05-12 21:16:19,857;mon_network;eth0;375260;466316;lo;
2020-05-12 21:16:19,963;mon_network;eth0;375260;466316;lo;0;0;
2020-05-12 21:16:20,070;mon_network;eth0;375260;466316;lo;0;0;
2020-05-12 21:16:20,179;mon_network;eth0;375260;466316;lo;0;0;
2020-05-12 21:16:20,289;mon_network;eth0;375260;466316;lo;0;0;
2020-05-12 21:16:20,398;mon_network;eth0;375260;466316;lo;0;0;
2020-05-12 21:16:20,507;mon_network;eth0;375260;466316;lo;0;0;
2020-05-12 21:16:20,622;mon_network;eth0;375260;466316;lo;0;0;
2020-05-12 21:16:20,731;mon_network;eth0;375260;466316;lo;0;0;
2020-05-12 21:16:20,842;mon_network;eth0;375260;466316;lo;0;0;
2020-05-12 21:16:20,950;mon_network;eth0;375260;466316;lo;0;0;
2020-05-12 21:16:21,058;mon_network;eth0;375260;466316;lo;0;0;
2020-05-12 21:16:21,164;mon_network;eth0;375260;466316;lo;0;0;
2020-05-12 21:16:21,271;mon_network;eth0;375260;466316;lo;0;0;
2020-05-12 21:16:21,382;mon_network;eth0;375260;466316;lo;0;0;
2020-05-12 21:16:21,490;mon_network;eth0;375260;466316;lo;0;0;
2020-05-12 21:16:21,598;mon_network;eth0;375260;466316;lo;0;0;
2020-05-12 21:16:21,707;mon_network;eth0;375260;466316;lo;0;0;
2020-05-12 21:16:21,811;mon_network;eth0;375260;466316;lo;0;0;
2020-05-12 21:16:21,916;mon_network;eth0;375260;466316;lo;0;0;
2020-05-12 21:16:22,023;mon_network;eth0;375260;466316;lo;0;0;
2020-05-12 21:16:22,131;mon_network;eth0;375260;466316;lo;0;0;
2020-05-12 21:16:22,241;mon_network;eth0;375260;466316;lo;0;0;
2020-05-12 21:16:22,347;mon_network;eth0;375260;466316;lo;0;0;
2020-05-12 21:16:22,456;mon_network;eth0;375260;466316;lo;0;0;
2020-05-12 21:16:22,563;mon_network;eth0;375260;466316;lo;0;0;
2020-05-12 21:16:22,674;mon_network;eth0;375260;466316;lo;0;0;
2020-05-12 21:16:22,786;mon_network;eth0;375260;466316;lo;0;0;
2020-05-12 21:16:22,895;mon_network;eth0;375260;466316;lo;0;0;
2020-05-12 21:16:23,004;mon_network;eth0;375260;466316;lo;0;0;
2020-05-12 21:16:23,112;mon_network;eth0;375260;466316;lo;0;0;
2020-05-12 21:16:23,220;mon_network;eth0;375260;466316;lo;0;0;
2020-05-12 21:16:23,330;mon_network;eth0;375260;466316;lo;0;0;
2020-05-12 21:16:23,438;mon_network;eth0;375260;466316;lo;0;0;
2020-05-12 21:16:23,547;mon_network;eth0;375260;466316;lo;0;0;
2020-05-12 21:16:23,654;mon_network;eth0;375260;466316;lo;0;0;
2020-05-12 21:16:23,758;mon_network;eth0;375260;466316;lo;0;0;
2020-05-12 21:16:23,865;mon_network;eth0;375260;466316;lo;0;0;
2020-05-12 21:16:23,970;mon_network;eth0;375260;466316;lo;0;0;
2020-05-12 21:16:24,078;mon_network;eth0;375260;466316;lo;0;0;
2020-05-12 21:16:24,186;mon_network;eth0;375260;466316;lo;0;0;
2020-05-12 21:16:24,292;mon_network;eth0;375260;466316;lo;0;0;
2020-05-12 21:16:24,402;mon_network;eth0;375260;466316;lo;0;0;
2020-05-12 21:16:24,510;mon_network;eth0;375260;466316;lo;0;0;
2020-05-12 21:16:24,617;mon_network;eth0;375260;466316;lo;0;0;
2020-05-12 21:16:24,726;mon_network;eth0;375260;466316;lo;0;0;
2020-05-12 21:16:24,839;mon_network;eth0;375260;466316;lo;0;0;
2020-05-12 21:16:24,949;mon_network;eth0;375260;466316;lo;0;0;
2020-05-12 21:16:25,056;mon_network;eth0;375260;466316;lo;0;0;
2020-05-12 21:16:25,166;mon_network;eth0;375260;466316;lo;0;0;
